Question_id,attempts,avg_accuracy,avg_time,correct,Question_lavel (1-100)
313,644,62,43,403,
293,588,80,41,474,
290,643,82,42,529,
302,637,57,101,369,
299,624,66,72,418,
285,653,74,73,486,
306,617,52,123,321,
288,632,77,46,493,
296,601,84,147,506,
305,602,34,115,211,
314,597,51,57,306,
301,644,51,101,335,
308,641,56,51,364,
312,602,36,51,221,
303,619,34,128,213,
287,635,78,74,500,
286,597,64,58,385,
292,659,87,42,577,
304,665,42,111,283,
552,1235,87,27,1079,
572,1111,90,42,1002,
551,1215,67,52,818,
546,1214,68,61,827,
547,585,81,39,475,
556,1229,83,40,1029,
560,1161,76,35,887,
579,1176,64,59,758,
571,1189,61,60,732,
561,1153,75,52,868,
570,1151,57,54,657,
294,614,58,74,360,
291,651,86,65,561,
283,652,71,75,464,
295,646,78,47,509,
268,499,48,51,244,
260,509,90,36,461,
310,623,43,94,275,
450,223,29,73,67,
420,232,67,52,156,
457,243,48,55,117,
415,255,67,47,174,
434,254,59,60,152,
442,244,40,60,100,
440,256,57,76,146,
418,265,44,51,119,
428,239,58,56,141,
352,694,28,90,197,
326,695,64,72,448,
318,747,90,30,680,
345,671,32,86,222,
347,745,44,74,331,
348,705,29,98,209,
334,725,52,79,384,
245,502,94,22,473,
237,526,92,24,486,
242,464,69,69,325,
254,516,72,36,373,
235,509,96,20,494,
274,485,32,47,157,
307,597,32,141,192,
311,650,62,51,406,
164,437,81,33,356,
169,457,89,28,410,
151,428,61,78,265,
185,464,82,41,386,
176,461,55,41,257,
191,436,65,52,287,
388,439,46,80,205,
395,449,23,77,106,
397,470,57,64,273,
385,479,24,82,117,
360,505,60,78,309,
389,462,60,49,279,
378,497,71,53,357,
369,490,69,58,340,
405,465,43,77,200,
364,463,83,61,386,
382,495,35,88,176,
289,639,80,47,514,
298,642,87,40,563,
300,603,48,134,292,
297,654,87,53,574,
309,592,26,113,159,
338,688,35,81,241,
316,741,76,58,565,
343,742,50,58,375,
337,716,65,52,467,
315,733,70,58,519,
320,732,76,57,563,
324,710,73,57,521,
333,744,34,82,254,
344,700,57,83,404,
353,748,22,78,165,
359,666,53,65,359,
349,686,28,96,195,
341,746,45,87,341,
330,729,83,68,607,
319,707,70,51,497,
335,416,50,71,209,
355,687,59,66,410,
1640,1499,56,75,849,
1611,1487,35,82,524,
1602,1522,62,63,946,
1607,1519,52,92,798,
1630,1494,28,70,433,
325,703,56,61,400,
358,700,20,76,143,
363,286,75,35,218,
366,534,71,70,385,
390,480,30,82,144,
381,500,44,87,221,
2176,610,63,53,386,
2203,396,70,76,279,
608,738,78,52,581,
2193,429,53,89,232,
614,737,70,43,519,
2163,611,56,114,345,
2170,633,53,99,339,
2165,574,42,94,243,
367,492,66,60,329,
404,454,43,68,197,
368,528,73,44,391,
379,528,75,52,399,
384,483,44,95,214,
374,487,51,88,250,
401,466,28,84,134,
409,258,70,52,183,
449,255,52,57,135,
432,254,37,59,97,
414,248,59,65,149,
321,734,76,56,558,
317,685,82,40,563,
340,734,65,64,481,
399,478,19,77,95,
392,467,20,60,95,
365,480,78,49,380,
2164,639,41,115,266,
562,1207,64,88,774,
563,1177,94,34,1108,
575,1165,48,80,568,
400,465,27,88,130,
386,470,36,64,172,
387,436,39,83,171,
375,477,51,78,245,
380,482,51,93,249,
376,471,62,85,296,
186,461,59,45,275,
175,468,82,28,387,
189,465,52,73,243,
473,1319,68,86,898,
472,1320,69,91,916,
475,732,56,112,413,
483,794,72,88,572,
2179,711,45,109,327,
476,736,66,98,488,
2186,713,57,100,411,
2190,737,64,39,478,
468,1352,62,67,849,
2182,737,59,110,441,
377,489,57,58,280,
383,464,25,95,119,
156,434,95,24,414,
179,432,56,37,245,
1871,422,29,61,123,
154,451,74,47,335,
357,671,60,73,409,
351,694,33,92,231,
419,241,55,43,135,
424,269,51,56,139,
411,245,57,71,143,
1604,1526,74,68,1137,
1601,1544,57,75,890,
1588,1570,76,81,1208,
1653,604,45,79,272,
398,464,31,74,144,
407,479,28,94,136,
173,477,50,50,243,
178,470,85,24,403,
170,447,83,35,376,
183,471,76,48,361,
1873,464,47,80,219,
159,433,91,22,399,
161,472,57,49,271,
158,447,89,32,401,
1870,455,76,30,349,
2166,575,49,76,287,
252,504,66,42,338,
243,496,96,24,482,
266,503,54,54,274,
263,465,76,36,356,
1629,1468,24,90,358,
1651,1409,34,121,483,
1634,612,22,79,135,
1658,1452,47,81,686,
1647,1495,29,103,434,
1589,1473,30,61,453,
1625,1517,38,122,583,
1584,1495,73,57,1107,
1585,1526,86,62,1321,
1579,816,56,91,459,
1626,1408,27,100,386,
1657,1452,32,93,478,
1636,1437,48,77,697,
1656,1439,25,91,367,
241,514,34,46,179,
267,496,48,53,241,
256,523,84,36,444,
276,477,76,31,365,
246,528,94,31,498,
332,715,59,92,423,
372,490,66,69,327,
1113,1546,73,90,1133,
1176,1568,70,75,1110,
1109,1587,75,78,1197,
1165,1627,46,98,756,
1182,1552,76,58,1186,
1170,1564,43,68,680,
1036,1642,80,67,1328,
1106,1609,74,79,1194,
1110,1637,64,74,1051,
1111,1527,69,83,1060,
1102,1632,74,72,1210,
1173,1570,53,92,838,
1101,1571,86,60,1359,
1096,642,77,60,501,
1174,1636,59,102,967,
396,495,15,100,77,
370,477,91,18,438,
373,488,59,84,291,
362,511,78,48,400,
244,477,95,23,457,
277,262,60,24,159,
238,493,42,40,210,
248,471,38,53,181,
2172,613,44,91,272,
2169,601,37,107,225,
342,711,35,102,251,
1355,1094,68,73,751,
1373,1110,79,63,878,
1320,1087,87,49,956,
1315,1177,90,48,1066,
1321,1124,91,42,1025,
329,741,58,69,435,
322,723,80,48,583,
336,707,23,103,167,
350,720,35,101,260,
760,4,50,2,2,
761,2,0,2,1,
762,4,25,10,1,
748,4,75,18,4,
3285,5,0,4,1,
768,1,0,0,1,
759,1,0,3,0,
3267,6,16,6,1,
750,2,0,19,0,
3280,3,0,13,0,
3266,5,20,4,1,
3264,2,0,0,1,
3273,2,0,7,0,
758,4,0,13,0,
3270,6,0,7,1,
613,714,72,42,516,
2202,377,78,44,296,
595,897,77,63,693,
2198,384,44,75,171,
2200,379,49,100,186,
598,867,73,53,642,
765,4,0,7,0,
751,3,66,11,2,
3277,4,50,10,2,
3272,5,20,12,1,
745,4,0,16,0,
1881,2,50,8,1,
1885,2,0,2,0,
860,3,0,6,1,
857,4,50,10,2,
859,2,0,1,0,
843,1,0,1,0,
1880,1,0,1,0,
870,2,0,5,0,
858,5,20,29,1,
1883,3,0,6,0,
1886,3,0,8,0,
847,3,33,8,2,
874,3,33,4,1,
856,2,0,9,1,
876,1,0,0,0,
2168,590,55,83,325,
284,627,74,71,469,
406,469,42,68,200,
503,1114,52,70,581,
507,1148,50,58,576,
497,1155,48,57,556,
522,666,28,44,189,
535,694,80,43,562,
501,1166,45,83,526,
527,679,37,54,258,
524,695,56,60,390,
502,1161,49,78,579,
519,1063,29,41,310,
532,663,63,47,420,
506,1219,46,68,573,
528,674,55,34,376,
529,752,66,41,504,
526,701,78,39,551,
180,492,34,50,170,
182,445,36,34,162,
168,405,71,51,292,
171,426,80,34,345,
166,478,80,32,383,
188,436,79,32,346,
521,729,40,45,297,
504,1186,87,35,1036,
505,1163,91,28,1060,
511,1152,53,67,618,
494,1155,78,53,909,
525,654,47,57,309,
530,684,75,40,518,
515,1206,89,38,1084,
536,696,48,48,338,
489,1171,58,74,686,
523,709,54,60,384,
499,1175,63,76,750,
520,1200,67,71,806,
491,1173,75,72,887,
493,1225,68,70,843,
512,1165,86,70,1013,
492,1159,46,96,538,
509,1180,48,64,573,
495,1160,80,47,937,
517,1142,59,39,681,
490,1130,74,38,837,
531,691,57,53,395,
534,656,58,47,385,
605,721,76,58,555,
2196,432,46,110,200,
606,695,54,102,378,
615,650,58,90,380,
599,720,51,141,372,
589,959,74,54,716,
202,1306,94,45,1230,
194,1229,92,40,1142,
213,1233,90,43,1116,
205,1251,96,23,1203,
197,1222,95,21,1163,
1981,1154,50,82,577,
1972,1178,86,37,1016,
2011,737,46,57,346,
2003,697,85,29,595,
1978,1165,51,76,597,
331,721,43,114,313,
221,1243,68,65,850,
230,1235,74,56,921,
217,1230,94,33,1158,
195,1218,93,29,1135,
193,1277,94,33,1211,
1874,1222,54,90,666,
215,1245,96,31,1202,
219,1208,68,47,831,
403,478,56,52,270,
393,458,29,95,138,
2174,637,52,39,336,
2173,629,30,101,194,
2171,605,50,84,308,
2175,620,59,49,370,
190,436,40,51,179,
192,441,34,50,151,
153,443,90,31,404,
174,471,48,66,227,
1049,1613,84,64,1360,
1177,1509,73,72,1103,
1038,1677,76,61,1283,
1114,1608,66,98,1074,
1053,1625,84,67,1381,
1042,1658,68,65,1144,
1052,1669,76,106,1283,
1046,1629,81,76,1332,
1099,1606,72,59,1164,
1054,1679,76,86,1290,
1103,1617,73,79,1191,
1043,1624,61,70,1003,
226,1274,62,86,798,
220,1221,93,26,1144,
208,1255,91,43,1146,
222,1210,47,81,578,
234,1263,78,47,998,
227,1279,68,60,873,
200,1289,93,33,1204,
210,1246,69,77,862,
203,1239,49,27,614,
1877,1290,51,102,669,
439,258,60,69,156,
412,262,52,83,139,
413,240,75,39,182,
410,263,69,55,183,
451,243,29,58,72,
452,266,46,55,124,
455,275,63,48,176,
456,242,61,62,150,
447,253,34,61,89,
445,252,63,40,159,
446,236,57,61,137,
554,1137,91,37,1046,
548,1204,96,21,1163,
576,1226,46,74,574,
425,253,59,61,150,
429,237,48,82,115,
441,277,44,41,122,
422,273,56,72,154,
437,234,42,66,99,
438,251,72,45,183,
533,705,55,50,389,
448,270,74,34,201,
443,246,40,52,100,
433,256,51,85,132,
426,251,59,55,150,
2162,606,37,128,225,
417,238,68,59,165,
423,251,62,52,157,
453,226,55,58,127,
427,221,60,48,133,
416,257,56,75,145,
421,234,59,49,140,
444,244,40,45,99,
454,246,43,55,106,
435,251,73,42,186,
408,257,61,63,158,
431,252,38,55,98,
430,249,73,61,185,
436,231,45,67,106,
167,430,69,46,298,
1872,452,51,66,234,
160,424,67,59,288,
155,452,85,28,388,
157,421,91,29,385,
500,1131,35,106,403,
279,486,41,65,202,
282,479,41,58,201,
250,22,0,13,10,
518,1126,83,51,936,
510,698,33,74,235,
498,1188,86,55,1024,
592,899,55,69,499,
2199,427,51,88,220,
594,901,78,77,704,
582,875,64,79,562,
584,891,71,81,636,
591,870,72,66,636,
601,688,64,97,443,
583,946,73,58,692,
604,718,65,72,470,
2197,415,63,61,266,
2206,400,68,36,275,
1645,1461,64,73,948,
1632,1422,62,78,887,
1571,1564,93,44,1465,
1637,1480,26,106,397,
327,725,57,99,421,
346,726,35,111,261,
567,1184,90,35,1071,
2010,712,44,45,320,
1989,31,38,14,12,
1998,683,60,48,416,
2167,594,37,100,223,
257,513,50,57,262,
323,702,39,53,278,
356,702,23,100,167,
328,684,50,95,343,
1587,1577,56,49,897,
1642,1430,29,88,424,
1605,1500,82,49,1240,
1624,1488,24,112,364,
1572,1524,91,45,1391,
1639,610,41,89,254,
1641,1514,34,101,523,
1621,1515,31,109,476,
1610,1511,46,95,698,
1613,1472,43,107,648,
1652,572,14,80,81,
1577,1518,72,117,1106,
361,472,31,103,148,
2000,726,41,46,302,
2005,31,45,18,14,
1966,1237,63,43,788,
1984,1184,65,74,781,
1991,1196,48,44,587,
2007,679,34,75,237,
1976,696,80,30,559,
1982,1194,88,29,1057,
1975,1177,89,27,1057,
2001,714,61,43,440,
2006,724,58,50,428,
1990,1186,76,46,907,
1967,1193,75,42,907,
513,1086,46,69,504,
508,1136,70,45,800,
402,459,25,57,116,
152,439,84,27,371,
593,947,73,83,697,
588,871,86,39,752,
612,694,58,117,408,
616,696,53,106,371,
391,448,66,74,299,
224,1184,77,83,916,
207,1268,92,34,1170,
206,1280,94,30,1211,
223,1321,78,53,1042,
211,1271,95,26,1220,
1876,1168,61,115,716,
214,1261,84,59,1068,
198,1242,97,26,1206,
233,1221,78,38,958,
209,1226,85,46,1052,
516,1111,64,61,717,
264,506,75,49,384,
239,488,56,43,278,
259,524,76,41,402,
1185,1595,55,68,884,
1166,1073,33,91,361,
1108,1610,81,62,1311,
1047,1611,79,65,1284,
1035,1666,90,60,1515,
539,1208,90,33,1097,
1878,1165,45,126,526,
569,1259,44,90,558,
555,1245,92,34,1148,
565,1220,70,39,864,
544,1141,81,39,932,
553,1169,95,21,1119,
557,1198,86,41,1035,
578,1182,83,44,987,
540,1202,94,28,1131,
262,501,59,58,297,
247,515,80,29,418,
258,538,50,41,274,
280,521,40,46,211,
251,493,88,32,436,
1839,963,58,88,566,
2302,920,30,94,279,
1853,966,57,93,554,
2309,931,30,88,287,
2297,940,36,100,343,
2285,939,54,93,509,
1835,1011,57,74,585,
1836,1024,61,75,629,
2296,950,29,109,282,
2287,962,31,117,305,
1180,1608,68,56,1097,
1192,29,75,33,22,
1168,1537,54,88,845,
1100,1588,78,66,1244,
1188,1577,58,120,921,
1186,1605,78,84,1255,
1164,1565,63,70,1002,
1631,587,62,54,370,
1654,615,33,66,204,
1599,1509,43,75,664,
1596,1520,63,55,968,
1646,636,31,78,198,
1643,611,38,62,237,
1606,1476,57,73,853,
1363,1190,81,60,970,
1336,1115,71,72,803,
1378,1145,82,68,951,
1375,1115,55,63,617,
1351,1132,79,67,897,
1328,1133,74,71,844,
1379,1128,51,79,582,
1341,1192,60,71,716,
1306,1152,95,52,1101,
1323,1175,95,46,1119,
1367,1116,72,58,809,
1361,1184,92,38,1096,
1318,1169,81,60,955,
1365,1135,63,56,725,
467,1425,85,55,1221,
486,792,72,47,578,
484,740,66,75,493,
1169,1649,63,82,1049,
462,1381,84,55,1162,
1048,1625,80,63,1312,
2183,784,69,85,542,
1051,1559,66,91,1032,
1189,1686,66,68,1125,
1167,1620,58,78,948,
1183,1559,76,59,1192,
1037,1617,86,61,1397,
1171,1575,51,78,813,
1104,1573,73,89,1162,
487,732,76,46,558,
479,735,56,139,416,
463,1362,87,42,1186,
2181,750,37,114,284,
460,1341,73,81,984,
478,738,71,89,526,
465,1383,83,66,1151,
471,1357,79,88,1085,
480,754,34,91,261,
458,1376,73,95,1008,
2188,721,64,83,464,
482,730,66,98,485,
485,766,45,50,348,
474,723,64,81,470,
609,693,70,59,491,
603,721,57,112,413,
2192,411,63,83,263,
181,451,75,28,340,
172,477,58,40,281,
177,466,76,37,356,
2191,714,35,82,258,
2180,726,52,109,383,
466,1330,55,87,736,
163,449,95,24,429,
165,419,73,39,309,
600,725,57,126,418,
611,686,73,60,502,
597,843,65,114,555,
610,729,76,47,559,
2300,949,47,78,451,
1854,1025,55,89,570,
1851,945,80,45,766,
2223,962,55,81,533,
2213,910,40,89,371,
2307,979,51,76,501,
1859,967,71,150,695,
2219,906,52,93,478,
2224,925,60,59,563,
2310,930,62,71,581,
1850,857,75,65,651,
2286,947,44,108,423,
602,745,53,104,400,
2204,435,66,35,291,
2201,376,57,39,217,
1105,1613,67,87,1097,
1172,1675,64,70,1077,
1107,1634,74,84,1217,
1098,1578,73,80,1155,
1040,1630,86,72,1415,
1190,1583,66,77,1060,
1175,1552,54,73,847,
1603,1506,54,75,825,
1582,1572,81,61,1285,
1573,1612,71,67,1152,
1597,1504,80,42,1212,
1644,614,44,70,272,
1590,1479,57,63,850,
1616,1506,61,98,929,
1609,1497,39,119,594,
3827,825,37,52,307,
3821,729,68,40,498,
3898,780,65,45,512,
3806,730,72,53,532,
3799,721,65,52,473,
3890,726,79,39,576,
3796,764,87,37,670,
3816,762,58,48,442,
3807,765,74,46,573,
3814,826,41,66,339,
3894,769,81,41,625,
3804,783,81,40,642,
3896,734,72,46,531,
3831,746,65,39,493,
162,462,80,38,374,
339,690,45,68,311,
187,478,46,28,221,
231,1184,55,84,660,
1115,1568,68,90,1075,
1117,1625,72,74,1180,
1050,1618,74,70,1203,
184,438,86,29,381,
1191,1619,74,72,1202,
1178,1587,54,90,863,
1045,1612,93,50,1510,
1179,1621,65,79,1070,
2301,999,44,85,443,
1843,910,38,85,350,
1863,919,76,68,705,
1856,917,57,65,525,
1842,1000,52,54,529,
1857,947,83,49,795,
2298,897,65,81,592,
1838,985,60,114,593,
2289,564,15,118,87,
2311,1051,61,69,652,
1852,993,71,64,712,
2290,1003,31,115,314,
2208,924,85,61,794,
461,1348,78,69,1060,
459,1383,76,84,1053,
477,794,50,118,405,
1332,1114,62,48,695,
1362,1152,72,60,837,
1334,1161,76,69,884,
1380,1137,28,91,323,
1312,1184,96,42,1147,
1342,1133,63,89,724,
1324,1161,92,49,1071,
1343,1128,54,76,620,
1384,1117,58,101,648,
470,1352,81,64,1103,
2177,718,58,111,423,
481,728,45,135,331,
469,1329,83,46,1115,
273,481,71,38,345,
261,525,64,45,341,
271,503,71,42,359,
1618,1474,30,113,445,
1655,596,31,78,190,
1574,863,83,44,718,
1592,1499,65,58,988,
1608,1511,37,76,561,
1593,1533,87,49,1350,
1648,1464,39,118,583,
3879,767,75,42,583,
3792,814,91,34,742,
3880,822,39,42,329,
3810,761,74,50,569,
3882,727,59,45,433,
3883,801,61,34,492,
3802,749,66,34,496,
3897,783,44,67,349,
3797,804,56,52,452,
3818,778,53,50,416,
3812,429,55,43,241,
1837,954,72,67,697,
2308,907,70,65,638,
2217,966,49,88,474,
1860,984,67,67,667,
2303,971,43,98,427,
2284,957,56,75,543,
1848,992,43,87,434,
2222,974,79,54,777,
3798,801,86,37,690,
3823,775,37,53,291,
3886,770,81,44,631,
3891,810,69,50,567,
3820,742,60,56,448,
3819,6,0,17,4,
538,1187,86,39,1032,
1988,1186,51,74,609,
1974,1204,90,26,1095,
1970,33,54,10,18,
1963,1172,85,32,1007,
1979,1190,50,66,605,
2002,742,52,69,394,
1992,1171,84,30,987,
3803,811,63,44,516,
3893,745,53,63,398,
3889,763,56,36,429,
3817,824,38,55,318,
3800,804,72,47,580,
3829,734,50,59,372,
3830,792,63,50,501,
3824,727,52,56,383,
2178,694,55,113,386,
354,430,38,71,168,
488,733,68,49,506,
464,1342,73,65,990,
2187,737,43,112,319,
2189,744,67,39,499,
3867,987,65,61,645,
3861,974,67,49,660,
3832,967,93,30,909,
3869,981,82,42,806,
3843,1030,71,52,740,
2185,704,46,103,330,
249,484,93,23,454,
236,494,70,71,350,
278,257,67,37,174,
585,855,66,83,571,
272,493,54,46,270,
255,466,50,79,234,
269,477,43,47,206,
275,466,78,41,367,
281,487,73,33,357,
253,478,71,39,345,
1095,1647,73,74,1219,
1041,1644,75,67,1242,
1097,1622,77,76,1257,
550,1182,63,61,757,
577,1210,56,110,683,
558,1172,64,58,752,
1371,1105,69,53,765,
1311,1230,95,54,1171,
1339,1209,82,46,999,
1317,1173,65,44,774,
1382,1162,76,58,895,
1331,1099,89,65,980,
1385,1133,72,61,826,
1307,684,78,64,535,
1356,1115,75,65,847,
1372,1110,92,43,1029,
1329,1169,83,62,976,
1352,1155,63,76,737,
3874,933,83,29,779,
3835,955,82,40,787,
3834,993,87,41,871,
3860,955,58,67,560,
3842,915,66,43,613,
3856,988,61,47,604,
3859,947,42,46,401,
3910,990,66,52,657,
3854,938,42,69,400,
1116,1668,51,107,864,
265,486,72,44,353,
270,465,67,40,315,
1181,1609,66,75,1067,
1187,1677,31,100,530,
586,897,73,55,660,
1354,1161,81,68,947,
1366,1146,68,64,786,
1346,1164,75,59,876,
1358,1155,53,73,614,
1319,1164,94,44,1102,
1322,1195,92,53,1105,
1388,1155,73,77,855,
1364,1107,80,47,891,
1381,1198,71,69,861,
1614,1531,71,85,1090,
1622,1509,34,92,528,
1594,1463,79,60,1170,
1633,644,63,48,411,
1649,1458,36,109,525,
1635,629,23,74,147,
1586,1492,79,57,1186,
1598,1463,89,44,1311,
1600,1523,37,89,566,
1620,1454,31,99,455,
1303,1215,93,41,1139,
1386,1186,55,64,660,
1359,1080,37,101,405,
1370,1161,85,49,991,
1360,1180,78,63,930,
1335,1103,78,89,869,
1039,1578,77,83,1217,
2228,966,49,74,483,
2295,977,40,103,398,
1849,966,62,67,605,
2184,730,53,89,391,
1578,1528,72,73,1102,
196,1253,97,27,1222,
1369,1133,54,89,617,
1357,1168,89,59,1048,
1308,1164,96,102,1121,
3815,807,75,45,607,
3825,384,22,52,88,
3892,828,77,42,639,
3884,773,68,54,529,
3895,762,74,30,568,
3828,794,64,59,511,
3805,768,47,47,368,
371,460,86,37,400,
1337,1187,65,81,778,
1353,1164,78,65,918,
1348,1182,79,67,936,
1044,1653,80,61,1324,
1376,1142,76,42,874,
2218,1000,83,52,838,
2221,992,85,44,849,
2211,970,62,56,608,
212,1316,79,63,1050,
228,1237,86,51,1077,
225,1230,80,56,988,
204,1201,87,32,1055,
1875,1204,54,135,660,
232,1239,60,71,753,
1345,1140,77,46,882,
1309,1205,85,92,1026,
1383,1096,54,101,601,
1344,1202,86,49,1046,
1340,1128,53,71,608,
1338,1183,88,46,1043,
1994,1190,79,42,950,
1969,1205,38,62,464,
1996,701,73,34,517,
2004,697,71,58,498,
2008,696,54,58,378,
1968,34,88,10,30,
1964,1153,91,29,1056,
1971,1181,70,35,835,
1184,1555,83,50,1295,
2230,493,20,65,103,
2306,915,68,64,628,
2215,974,43,70,429,
1844,977,53,86,527,
3811,784,91,30,721,
3881,775,54,61,419,
3809,763,64,41,494,
3813,758,87,35,665,
3793,831,94,29,785,
3826,797,45,68,365,
3794,782,77,42,603,
1583,1549,68,64,1056,
1580,1544,44,127,687,
1612,1527,53,67,811,
1965,1201,89,34,1079,
1986,1153,64,66,745,
1987,1210,31,60,382,
1980,1123,48,75,544,
2009,715,92,18,662,
2294,985,47,111,471,
1841,955,57,93,547,
2229,906,74,49,676,
2212,966,48,68,467,
1325,1156,87,63,1014,
1327,1177,93,49,1098,
1333,1205,76,64,923,
3878,792,54,34,428,
3888,809,61,40,501,
394,478,18,77,87,
1615,1517,48,73,730,
1112,1620,63,91,1025,
1304,1193,97,40,1160,
1310,1173,94,48,1105,
2299,920,24,113,230,
2216,919,40,69,375,
1846,1000,35,112,359,
2226,931,45,90,428,
1847,971,45,94,440,
3851,981,92,29,904,
3901,960,51,67,490,
3853,948,90,40,857,
3902,542,65,45,356,
3911,989,58,67,583,
3870,955,74,56,714,
3865,955,88,42,842,
3900,1009,51,55,520,
3864,951,75,36,720,
3841,959,47,62,461,
1638,814,20,85,169,
1628,1497,37,68,568,
1627,1430,26,86,381,
1619,1503,64,85,968,
1576,1485,85,50,1275,
1650,1447,43,72,635,
199,1315,45,79,597,
2293,969,37,103,368,
1855,941,55,83,525,
3919,338,73,38,249,
3924,336,80,31,273,
3922,353,81,33,289,
240,499,48,48,241,
1302,1184,96,40,1145,
1389,1155,60,74,697,
1349,1184,59,77,709,
1314,1099,94,43,1036,
1347,1114,63,81,711,
1350,1110,76,60,844,
1995,1161,85,34,992,
1977,673,73,43,499,
1973,1241,84,38,1045,
1999,700,59,65,419,
3808,757,57,39,437,
3885,755,65,37,497,
1313,1158,93,43,1087,
1374,1104,58,69,642,
1305,1160,95,36,1110,
218,1195,63,64,763,
1983,1197,67,58,805,
1377,1105,87,41,965,
1326,1225,83,64,1022,
2305,901,59,49,535,
1591,1474,83,69,1238,
1390,1041,86,47,900,
1330,1179,91,53,1084,
1368,16,81,14,13,
1581,1483,60,129,895,
1617,1482,39,89,584,
1862,942,50,82,481,
2292,528,49,88,260,
1595,1547,47,82,734,
1575,1550,76,54,1187,
1623,1480,24,110,369,
543,1226,93,32,1144,
545,529,46,54,249,
537,1214,93,25,1133,
3801,779,39,65,310,
3887,769,84,39,652,
3795,788,79,41,628,
2291,961,37,100,360,
2209,975,77,45,758,
2225,946,73,59,697,
564,1218,93,29,1139,
573,1202,59,81,720,
2214,948,77,63,736,
2227,1019,45,76,461,
2220,964,67,71,648,
3872,986,61,63,610,
3907,546,23,60,126,
3858,986,78,45,778,
3909,472,28,45,136,
3876,969,46,75,451,
3857,976,63,37,625,
3913,1023,70,41,727,
3836,976,90,39,887,
3863,963,74,49,721,
3875,944,76,46,721,
2288,962,55,75,531,
1864,937,70,70,659,
1845,923,33,105,309,
3822,791,54,43,429,
229,1223,78,50,956,
590,836,80,42,674,
2195,394,30,115,122,
1861,906,35,88,320,
496,1167,67,56,785,
216,1198,67,64,814,
1301,1161,96,44,1125,
1985,1187,55,90,661,
1840,959,73,69,704,
2210,987,80,43,797,
3899,946,44,59,424,
3837,932,63,53,592,
3912,919,69,44,635,
3849,995,75,40,749,
3846,904,73,58,667,
542,1159,93,28,1081,
581,1231,64,61,795,
559,1213,67,66,819,
574,1217,54,79,664,
1993,1168,61,48,721,
587,877,84,35,744,
1316,1171,82,48,969,
3904,407,59,30,242,
3838,990,91,35,906,
3873,927,85,41,794,
3905,985,40,60,397,
3840,945,78,45,741,
3852,934,62,49,589,
3903,984,75,47,743,
3845,975,61,50,595,
3866,969,87,39,851,
3844,1000,85,43,856,
3848,982,67,44,662,
3906,429,58,43,252,
3850,980,77,48,762,
3862,973,70,41,689,
3855,945,78,42,746,
1387,1083,70,93,763,
2304,906,57,74,523,
1997,692,73,50,511,
3908,955,56,63,541,
3877,1028,71,55,739,
3833,966,95,32,918,
3847,928,81,48,753,
201,1209,87,41,1060,
3871,933,82,45,772,
1858,913,82,49,757,
3839,925,70,62,655,
4634,1963,69,68,1361,
4636,1947,65,64,1275,
4600,946,72,46,684,
4619,2036,77,61,1588,
4626,1953,75,62,1471,
4624,2028,85,53,1739,
4617,2017,63,73,1286,
4612,2003,67,87,1354,
4601,1134,75,61,862,
4609,1976,62,78,1233,
4652,2002,76,77,1537,
4629,2035,93,44,1897,
4628,1949,77,52,1512,
4623,1985,65,95,1311,
4648,1926,59,112,1150,
4642,1910,71,88,1364,
4598,2069,65,71,1349,
4655,2009,83,55,1685,
4653,1959,83,49,1630,
4646,2005,78,77,1582,
4599,1962,93,46,1831,
4637,2002,78,59,1567,
4654,2013,77,73,1561,
4620,2036,78,58,1600,
4638,1966,86,68,1695,
4630,1920,74,68,1423,
4643,1973,61,87,1220,
4649,2031,50,126,1029,
4650,1969,70,71,1390,
4618,2062,86,69,1775,
4633,1985,86,45,1718,
4603,2052,92,58,1891,
4651,2023,79,68,1606,
4645,1956,84,65,1653,
4635,1954,87,50,1704,
4610,1967,85,71,1680,
4608,1979,73,70,1448,
4631,1107,46,75,519,
4644,2028,69,77,1405,
4641,1959,51,81,1009,
4639,1995,87,60,1753,
4605,2065,84,58,1739,
4607,1987,84,49,1688,
4602,2003,72,61,1461,
4632,1909,85,45,1631,
4613,1979,75,83,1504,
4616,2017,85,57,1720,
3868,981,64,43,637,
4604,2036,77,69,1577,
4647,1948,49,122,958,
4622,2059,93,39,1921,
4627,1975,83,52,1646,
4615,1969,83,85,1644,
4606,1996,85,63,1710,
2207,424,55,66,238,
4597,1163,87,53,1019,
4640,1982,68,87,1348,
4611,1916,82,74,1589,
4621,1954,90,45,1769,
4625,1986,68,82,1356,
4614,1967,76,78,1499,
2194,405,73,52,299,
568,1196,64,66,771,
566,1198,88,51,1067,
580,1243,46,80,573,
3944,342,79,27,273,
3970,344,45,38,156,
3961,361,63,35,231,
3968,343,34,52,118,
2205,446,63,34,286,
3933,318,92,23,294,
3939,341,68,25,233,
3958,341,48,58,166,
3947,349,91,30,319,
3969,337,63,46,215,
3973,330,75,36,250,
3932,335,82,35,276,
3963,157,57,32,92,
3931,365,83,33,305,
3949,298,76,31,228,
3935,360,94,26,342,
3918,360,94,31,341,
3954,287,75,46,217,
596,868,66,77,580,
3966,308,40,40,125,
3928,344,81,46,283,
3960,305,50,45,156,
3934,350,59,36,210,
3952,326,83,33,272,
3964,290,77,34,227,
3953,311,87,36,272,
3930,315,74,33,236,
3936,333,53,53,179,
3920,321,91,29,294,
3927,338,77,35,262,
3967,321,65,40,212,
3937,360,83,34,301,
3945,341,80,35,276,
3974,359,69,34,250,
3926,332,83,33,278,
3956,296,86,23,258,
3914,323,95,23,308,
3923,328,60,54,200,
3946,347,76,25,268,
3943,332,77,36,258,
3957,334,79,40,267,
3965,329,73,31,242,
3916,334,89,34,299,
3962,328,56,55,184,
3971,342,72,45,250,
3921,301,80,41,243,
541,1223,87,53,1071,
549,1135,75,42,853,
6069,277,72,46,201,
6071,151,49,44,74,
6072,263,63,59,168,
6079,258,55,73,143,
6090,252,70,50,177,
3938,331,70,33,233,
3951,309,86,34,268,
3955,318,88,34,280,
3972,342,67,46,231,
5050,351,56,67,199,
5052,297,92,31,275,
5060,269,87,28,237,
5063,314,92,29,292,
5064,329,80,47,265,
5066,304,79,40,242,
5075,329,87,36,290,
5080,319,63,70,201,
5084,324,32,78,106,
5088,322,87,37,283,
5108,313,78,62,246,
5110,299,78,44,234,
5113,308,78,32,242,
5117,323,81,30,263,
5126,309,88,30,276,
6316,222,39,62,87,
6323,207,43,58,90,
6324,213,34,50,75,
6325,218,38,50,84,
6330,214,29,45,64,
6379,678,43,84,297,
6370,674,42,87,288,
6375,642,42,83,274,
5760,238,74,35,178,
5766,251,70,36,179,
5768,236,67,45,161,
5779,257,75,30,196,
5783,251,35,38,91,
5787,233,72,36,171,
5792,235,77,34,182,
5797,252,85,21,216,
5805,255,70,34,182,
5809,230,53,37,123,
6396,405,42,76,172,
6399,403,44,89,179,
6402,397,34,83,135,
6406,459,22,81,103,
6409,411,37,73,154,
6410,430,36,61,158,
6404,446,16,83,74,
6405,431,37,78,162,
6411,412,33,77,138,
6412,424,21,91,90,
607,689,78,53,543,
6393,442,46,68,207,
6394,409,28,85,116,
6395,417,36,90,152,
6397,384,45,79,177,
6403,426,48,77,209,
6398,417,25,73,107,
6407,442,31,99,139,
6371,684,40,100,278,
6373,653,49,67,320,
6376,664,57,82,386,
514,1113,76,43,848,
6368,669,46,83,308,
6372,704,39,86,279,
6388,655,36,69,240,
6389,637,40,80,259,
6380,695,29,79,208,
6384,684,45,68,311,
6400,449,20,82,92,
6374,625,35,67,223,
6377,647,56,63,367,
6387,695,39,75,274,
5914,157,78,30,124,
5934,170,64,33,110,
5948,149,49,56,75,
5959,161,54,41,88,
5966,162,55,39,90,
5979,179,63,46,115,
5986,158,61,47,98,
5993,178,56,40,101,
6001,171,52,29,91,
6040,156,51,34,80,
6062,264,68,68,182,
6087,271,63,70,172,
6106,247,61,58,153,
6111,247,49,35,124,
6125,252,59,61,150,
6127,249,63,57,160,
6129,253,44,80,113,
6131,268,58,55,157,
6132,241,65,64,160,
6139,263,78,32,207,
6141,280,74,38,209,
6382,676,22,89,151,
6391,663,38,78,254,
5906,943,58,59,550,
6401,405,66,71,269,
6408,316,42,64,135,
6381,676,42,69,284,
6383,684,28,80,195,
6093,259,63,60,165,
6097,265,75,46,200,
6103,233,56,100,131,
6108,270,69,33,188,
6109,287,72,36,209,
6122,252,76,47,194,
6124,261,54,65,142,
6133,240,65,55,158,
3917,325,86,32,283,
6297,217,52,64,116,
6306,215,36,61,79,
6310,232,34,63,79,
6322,212,50,47,106,
6334,208,40,63,85,
6335,222,27,60,60,
6340,186,29,44,54,
6369,733,59,57,438,
6385,692,51,73,355,
6295,207,25,57,52,
5870,911,32,98,297,
5871,916,26,90,240,
5880,943,33,91,315,
5886,916,51,66,472,
5894,922,43,86,403,
5895,895,50,64,449,
6392,406,33,83,135,
5882,979,33,95,329,
3915,299,94,25,284,
3959,319,71,44,228,
5881,931,23,114,222,
5885,920,22,107,207,
5892,516,31,68,165,
5879,936,38,88,363,
5887,890,29,80,267,
5888,906,44,62,408,
5902,893,31,93,281,
5907,981,60,51,596,
6296,200,24,58,49,
6299,247,26,71,67,
6314,221,40,57,90,
6320,241,36,62,87,
6341,213,36,46,77,
5869,939,36,85,347,
5872,997,50,78,509,
5876,940,34,67,320,
5891,917,50,96,468,
6308,232,33,59,78,
6327,193,27,56,53,
6331,231,38,46,89,
5045,312,86,37,270,
5051,335,61,74,207,
5055,330,73,53,244,
5056,312,62,73,196,
5057,335,95,22,322,
5071,338,75,36,255,
5077,314,88,68,278,
5081,323,79,58,257,
5089,301,81,49,245,
5111,291,61,62,181,
5114,317,85,35,273,
5115,304,74,41,228,
5884,484,21,90,105,
5890,894,52,91,470,
5904,892,39,64,352,
5905,862,51,60,449,
5898,980,37,62,371,
6386,664,49,64,329,
5780,277,80,22,224,
5785,230,79,26,183,
5795,236,70,35,168,
5798,270,81,35,222,
5801,226,71,42,162,
5808,265,65,36,174,
5819,255,63,45,163,
5828,260,67,28,176,
5844,258,82,32,214,
5846,236,61,33,144,
5847,225,84,20,191,
5853,230,83,31,192,
5862,90,38,37,35,
5875,964,29,79,287,
6298,250,27,80,68,
6302,219,49,58,108,
4956,730,81,38,597,
4957,730,78,58,572,
4961,727,75,41,553,
4965,727,77,44,564,
4972,747,76,54,571,
4973,700,80,61,560,
4977,695,44,77,313,
4978,669,48,60,323,
4979,694,79,48,550,
4980,723,89,29,651,
4982,737,72,62,533,
4983,675,85,35,577,
4991,705,67,50,479,
4994,674,60,59,411,
4995,751,58,53,437,
6315,216,43,58,94,
6318,230,34,59,80,
5877,938,27,105,260,
5916,160,58,44,94,
5919,146,68,34,100,
5924,181,54,48,100,
5936,159,64,28,103,
5900,888,42,74,379,
5903,896,38,73,347,
5949,153,63,47,98,
5973,159,64,28,103,
5985,174,35,47,61,
5987,174,52,40,92,
5873,905,24,92,221,
5991,142,35,49,52,
6014,163,44,46,74,
6025,151,52,38,80,
6028,176,59,36,105,
6047,156,47,45,74,
5897,885,49,82,441,
5899,875,37,72,328,
5868,943,34,91,322,
5917,181,54,42,100,
5931,147,61,33,90,
5951,162,53,46,86,
5963,181,59,43,107,
5964,166,39,43,65,
5970,173,39,43,69,
5998,162,70,35,115,
6017,158,55,37,88,
6030,156,34,53,55,
6378,669,32,78,216,
6038,154,58,27,91,
6039,153,70,24,108,
6043,178,40,35,73,
6044,177,51,40,92,
6054,135,34,41,47,
5874,902,49,73,445,
5048,321,96,29,310,
5053,331,78,62,262,
5054,341,62,87,212,
5061,322,83,38,269,
5069,310,84,37,262,
5083,315,53,75,169,
5118,331,26,59,89,
5119,341,85,30,294,
5123,331,77,53,258,
5866,937,51,85,481,
5867,512,28,82,147,
4962,726,83,48,605,
4963,696,90,43,633,
4967,753,90,37,684,
4968,724,42,83,307,
4970,696,64,74,452,
4971,755,81,41,613,
4975,704,68,59,486,
4988,691,64,60,448,
5901,926,34,87,323,
3929,325,83,34,271,
3948,339,91,23,312,
5911,161,58,35,94,
5921,157,61,49,97,
5952,166,45,52,76,
5961,176,32,41,58,
5992,160,68,32,111,
6006,184,46,46,87,
6013,163,49,31,82,
3925,306,75,30,232,
6024,165,44,35,75,
6045,162,38,33,62,
6051,163,47,36,78,
6057,171,43,43,75,
6390,676,30,75,206,
4960,731,78,48,575,
4981,704,68,46,484,
4984,702,84,43,591,
4985,762,91,34,701,
4987,712,63,58,455,
4990,726,52,75,379,
4996,723,45,97,327,
4997,686,63,53,440,
4998,719,72,49,522,
3950,315,69,31,220,
6060,272,49,85,134,
6061,238,68,66,165,
6067,270,67,66,183,
6070,287,68,40,197,
6082,260,55,66,146,
5910,168,34,38,58,
5930,150,47,46,71,
6084,246,59,60,147,
6086,264,59,61,157,
6099,272,57,48,156,
6112,277,49,35,138,
6121,250,79,42,200,
6130,256,58,55,150,
6135,242,73,47,180,
5975,165,40,31,68,
5990,172,35,56,61,
5997,173,67,26,118,
6010,194,54,45,106,
6016,134,44,46,61,
6027,151,35,50,53,
6036,160,64,28,103,
5761,251,92,24,232,
5762,245,39,31,98,
5769,247,65,37,163,
5784,235,72,27,171,
5786,259,71,33,187,
5788,242,70,39,172,
5793,247,82,17,206,
5794,256,71,26,184,
5812,274,59,46,163,
5836,232,70,25,165,
4964,702,53,75,378,
4992,683,74,53,510,
5046,299,95,28,285,
5047,335,77,43,259,
5059,324,78,42,256,
5076,331,95,32,317,
5082,312,55,71,173,
5090,294,80,52,238,
5092,322,81,44,264,
5107,287,89,27,257,
5124,322,80,35,259,
4974,681,79,51,538,
4976,694,62,57,434,
4986,700,57,71,401,
4999,714,53,68,385,
6058,256,42,89,108,
6075,268,67,62,183,
6078,238,59,60,142,
6080,268,68,67,184,
6089,259,60,84,157,
6091,279,50,101,140,
6115,236,73,69,175,
6116,255,67,58,174,
6117,239,71,41,170,
6119,265,72,61,192,
6123,243,63,67,156,
6128,275,71,44,198,
3942,336,64,51,216,
4958,702,87,51,618,
5753,242,95,21,231,
5774,241,88,18,214,
5804,277,80,29,223,
5806,239,66,40,161,
5820,226,84,22,192,
5826,240,72,31,175,
5763,255,69,29,179,
5767,256,86,25,222,
5781,273,84,26,231,
5807,258,67,33,175,
5810,236,57,37,137,
5818,260,47,40,124,
5825,272,80,30,221,
5831,250,68,28,171,
5833,241,78,32,189,
6085,270,49,59,135,
5840,228,56,29,129,
5855,99,50,33,50,
5858,230,79,21,184,
5837,262,64,31,168,
5845,261,89,25,235,
6104,265,60,87,160,
6114,243,59,52,145,
6118,244,72,51,177,
5915,160,80,30,129,
5928,177,39,46,70,
5940,142,53,42,77,
5947,165,58,46,97,
6092,273,78,44,214,
6095,279,65,75,182,
6098,281,66,41,189,
6059,259,70,73,184,
6064,258,65,100,171,
6074,256,61,71,158,
6081,286,64,58,186,
6134,273,72,46,200,
6294,242,36,65,90,
6304,218,38,52,83,
6309,229,46,65,106,
6329,211,43,50,93,
6336,217,39,49,87,
6094,261,70,66,185,
6110,266,77,38,208,
6113,264,54,45,145,
5953,158,39,40,62,
5969,170,41,49,70,
5983,175,50,53,90,
6137,252,71,42,181,
6138,246,77,38,191,
6140,254,85,31,217,
5912,180,52,36,94,
5960,147,76,26,112,
5980,147,29,44,44,
6100,265,74,36,199,
6120,249,40,88,101,
6102,285,76,38,219,
5923,146,34,47,51,
5944,173,60,36,105,
6065,274,85,61,234,
5994,158,56,56,91,
6031,185,44,46,83,
6037,170,38,33,66,
6073,272,60,57,165,
6077,260,66,61,175,
6083,262,69,63,183,
6096,254,73,61,187,
6011,172,41,57,73,
6007,152,43,45,67,
6008,170,50,42,87,
6136,248,60,59,151,
5049,306,90,33,278,
6066,271,82,62,223,
6033,172,38,44,67,
6052,160,39,58,63,
6053,170,31,32,54,
6107,240,71,46,171,
5067,317,75,41,239,
5070,328,64,49,212,
5072,336,86,30,290,
5087,349,65,57,227,
5125,301,93,25,281,
6063,251,72,58,182,
6101,257,76,28,196,
6333,224,36,60,81,
6337,234,37,45,88,
4969,770,80,51,620,
3940,335,78,31,264,
6338,221,23,57,53,
6339,231,36,48,85,
5974,168,67,31,114,
6002,172,68,26,117,
6018,169,51,37,87,
6032,150,62,32,95,
6035,179,51,28,94,
5922,162,77,33,127,
5941,154,40,32,63,
5945,177,57,29,102,
5954,163,47,35,78,
5972,158,38,53,62,
5978,169,43,25,74,
5988,165,38,51,65,
6042,143,48,43,70,
5908,152,65,39,100,
5925,176,53,26,95,
5926,147,65,26,97,
5981,171,38,52,66,
5995,154,44,49,69,
5999,154,38,35,60,
6026,171,28,45,49,
6048,144,44,38,64,
6312,234,32,60,77,
6317,214,46,50,101,
6076,255,67,67,173,
5756,269,89,36,243,
5773,246,92,17,229,
5777,273,59,44,163,
5799,245,77,36,191,
5817,219,53,43,118,
5830,235,85,23,203,
5832,242,61,38,150,
5842,260,54,49,142,
5864,243,79,36,193,
5078,296,81,45,240,
5079,330,55,42,184,
6313,225,35,53,79,
6088,247,59,73,147,
4989,717,48,83,349,
5758,259,90,16,236,
5764,232,70,30,165,
5778,244,64,33,159,
5813,282,54,37,155,
5849,246,66,40,164,
5850,233,54,38,126,
5859,226,68,30,156,
5918,172,55,44,96,
5929,177,57,44,102,
5971,176,44,38,79,
5989,150,50,49,76,
6005,171,50,33,87,
6021,170,48,45,84,
6301,200,39,65,78,
6326,185,33,60,62,
6307,213,31,57,68,
6311,208,26,55,55,
5755,267,94,17,252,
5789,89,32,18,29,
5802,231,75,39,175,
5821,235,61,42,146,
5839,261,49,42,129,
5854,247,58,28,146,
5865,243,68,54,166,
5827,256,61,47,159,
5829,233,67,41,158,
5834,231,66,35,154,
5856,271,65,30,178,
5091,301,76,49,230,
5127,308,90,32,281,
5757,241,83,36,202,
5765,253,54,37,140,
5772,248,77,30,193,
5815,226,65,39,149,
5909,150,48,28,73,
5976,170,50,27,86,
6023,146,34,40,52,
6046,154,48,31,74,
5939,185,28,29,52,
5927,159,76,32,122,
6020,178,48,33,88,
6050,163,53,32,87,
5946,165,53,35,90,
5962,149,61,36,91,
5977,130,51,28,67,
6000,165,34,29,58,
5771,232,59,36,139,
5843,216,67,26,146,
6303,212,43,62,94,
6321,227,37,49,86,
5062,327,92,31,302,
5065,303,78,41,240,
5112,278,92,26,256,
5932,151,24,18,37,
5984,154,39,49,62,
6029,163,51,35,85,
6041,171,40,43,70,
6056,163,50,38,82,
5120,329,96,29,317,
5121,336,91,27,308,
5122,310,70,37,220,
6105,258,70,55,183,
5935,159,51,36,83,
5942,159,61,30,99,
6034,137,67,24,93,
6055,161,75,25,123,
5823,266,68,35,184,
5824,238,55,38,132,
5863,209,68,61,145,
6068,264,73,58,194,
6126,279,73,38,206,
5957,136,62,33,85,
5811,238,54,36,129,
5852,215,41,30,91,
5068,329,93,26,308,
5073,171,77,39,134,
5074,304,90,33,277,
5109,317,73,62,233,
4966,734,78,47,574,
4993,677,52,75,358,
5958,168,73,36,125,
5996,146,52,50,76,
6009,177,49,49,88,
6305,193,41,76,80,
5759,259,70,32,183,
5814,256,64,45,166,
5835,248,60,42,151,
5861,259,56,38,147,
5775,263,80,33,213,
5816,265,50,44,135,
5822,236,72,24,173,
5848,238,68,37,165,
5956,153,52,41,81,
5841,110,42,34,47,
5860,248,77,35,193,
6022,141,56,29,81,
6049,159,69,32,110,
5776,276,68,23,190,
5851,256,82,23,213,
5857,225,71,35,160,
5965,177,38,47,69,
6012,164,48,44,81,
5058,294,93,25,277,
5754,244,94,19,231,
5770,259,67,29,174,
5943,162,62,35,102,
6019,177,52,39,94,
6342,231,27,46,64,
5796,266,75,30,202,
6332,231,33,54,79,
3941,330,58,29,194,
6004,146,76,25,113,
5920,145,76,35,112,
5937,162,35,50,58,
6015,162,59,33,97,
5913,153,83,36,129,
5968,165,56,35,95,
5933,163,71,27,117,
6003,157,52,33,83,
5803,267,62,45,168,
5838,233,67,42,159,
5782,259,77,30,203,
5967,161,37,42,61,
5955,161,51,51,84,
5982,146,52,39,78,
6328,171,47,53,83,
6319,213,28,53,60,
5938,140,77,21,110,
6300,217,29,60,65,
6508,244,58,37,142,
6441,246,56,59,138,
6422,227,59,36,134,
6472,227,46,58,105,
6487,261,34,60,91,
6491,220,50,41,112,
6427,230,63,45,147,
6448,245,68,29,168,
6497,228,28,64,64,
6498,240,48,62,116,
6503,224,45,62,102,
6479,245,34,70,84,
6477,215,49,50,107,
6483,241,32,61,79,
6488,235,55,63,132,
6489,227,55,43,126,
6492,246,41,54,103,
6414,229,80,25,185,
6443,259,49,69,130,
6474,225,41,72,94,
6440,246,58,59,144,
6454,247,55,41,139,
6476,220,52,43,116,
6446,253,58,47,147,
6468,242,35,75,86,
6475,278,43,61,122,
6419,237,51,56,122,
6423,262,44,62,117,
6449,243,46,55,114,
6450,231,48,54,113,
6473,221,41,58,91,
6499,235,31,67,76,
6431,216,70,39,153,
6436,240,80,25,195,
6490,225,38,73,87,
6429,278,62,67,176,
6438,228,56,44,129,
6452,232,40,63,93,
6485,217,55,47,120,
6510,240,55,49,135,
6462,227,66,46,152,
6466,256,25,71,66,
6428,243,70,38,172,
6425,243,77,22,189,
6451,247,55,66,136,
6456,221,39,67,89,
6459,211,11,54,25,
6469,224,61,38,138,
6471,228,42,58,97,
6493,249,38,66,95,
6511,206,31,60,65,
6480,252,50,73,128,
6506,252,73,28,187,
6512,243,24,66,60,
6447,220,47,72,104,
6486,203,57,47,117,
6509,255,56,47,145,
6413,231,73,26,171,
6434,244,79,18,194,
6418,253,61,47,157,
6445,258,64,61,167,
6463,214,53,43,115,
6502,231,29,56,67,
6426,225,47,64,108,
6507,223,34,55,79,
6444,252,57,68,145,
6504,220,55,56,122,
6433,233,65,48,152,
6439,232,72,43,169,
6461,256,31,71,81,
6464,252,55,51,140,
6465,231,36,60,84,
6417,236,68,47,163,
6478,232,51,61,119,
6495,219,29,70,65,
6458,229,55,41,127,
6482,239,42,67,102,
6424,228,72,34,166,
6481,240,48,48,117,
6505,253,34,64,88,
6415,225,78,29,178,
6421,256,64,51,166,
6416,243,37,37,90,
6501,241,41,55,102,
6467,240,33,63,81,
6453,226,31,68,72,
6442,267,51,54,138,
6457,226,42,60,96,
6432,237,62,43,147,
6437,262,59,57,155,
6430,228,51,48,119,
6420,234,54,50,128,
6494,256,48,63,125,
6455,238,39,68,96,
6470,223,42,40,95,
6500,235,30,53,71,
6460,217,44,57,97,
6484,216,52,55,114,
6496,235,27,56,65,
6435,254,70,29,180,
5457,85,38,28,33,
5460,96,92,19,90,
5464,78,79,18,62,
5474,91,25,31,23,
5475,90,63,27,58,
5476,65,21,34,14,
5477,84,44,15,37,
5478,82,47,26,39,
5480,83,37,29,31,
5458,107,91,15,99,
5467,84,73,20,63,
5482,81,38,25,31,
746,2,0,12,0,
804,4,25,15,1,
831,3,0,4,1,
837,3,0,4,1,
818,6,50,15,3,
824,3,0,1,0,
5167,17,11,17,2,
5169,19,42,27,8,
5195,11,36,16,4,
5233,19,21,15,4,
5243,8,0,19,0,
5522,25,36,10,9,
5531,20,30,15,6,
5542,22,31,14,7,
5544,19,31,14,6,
5556,18,27,9,5,
3641,4,25,4,1,
3642,3,0,3,0,
3643,8,50,5,4,
3644,7,57,4,4,
3689,4,0,7,0,
2819,2,0,10,0,
2823,2,0,15,0,
2863,2,0,27,0,
2865,1,0,10,0,
2889,2,0,8,1,
4829,35,77,11,28,
4848,21,42,9,10,
4853,22,68,8,16,
4927,22,31,10,7,
4946,29,37,10,12,
4816,29,75,9,23,
4840,23,65,7,16,
4904,28,32,13,10,
4938,28,60,8,17,
4947,27,51,11,14,
4087,6,50,6,3,
4098,4,75,5,4,
4102,3,66,2,3,
4117,5,60,7,4,
4140,6,33,7,2,
4110,4,75,5,3,
4115,2,50,6,2,
4125,5,40,5,2,
4153,3,66,3,3,
4072,4,50,8,2,
4079,5,40,11,3,
4092,2,50,7,2,
4135,7,57,6,5,
4154,4,75,4,4,
4068,4,50,6,2,
4103,6,50,6,3,
4145,5,40,7,2,
4155,5,60,8,3,
4112,3,66,4,3,
4118,3,66,5,3,
4131,2,50,3,1,
4142,6,50,6,4,
4090,6,33,7,2,
4091,4,0,6,0,
4097,7,57,5,4,
4116,1,0,5,1,
4071,6,33,8,2,
4122,2,50,4,2,
4130,6,66,11,4,
4099,2,0,5,1,
4123,4,75,4,4,
4146,5,40,11,3,
4101,5,40,6,3,
4107,4,50,4,3,
4109,7,28,9,2,
4150,3,33,4,1,
4138,7,71,7,6,
4076,4,50,17,2,
4096,6,66,5,5,
4137,2,50,5,2,
4077,3,33,5,1,
4093,2,50,6,1,
4119,2,50,3,2,
4120,2,50,4,2,
4067,3,66,6,3,
4073,6,83,6,5,
4151,6,33,15,2,
4078,4,75,5,4,
4088,2,50,4,1,
4106,5,40,7,2,
4111,6,0,5,0,
4152,4,50,8,3,
4066,2,50,3,1,
4132,3,66,5,3,
4156,4,0,9,1,
4114,8,37,5,3,
4134,2,0,6,1,
4074,4,75,5,4,
4143,5,40,6,2,
4083,5,40,6,3,
4086,7,42,6,4,
5638,23,43,21,10,
5642,20,20,17,5,
5645,25,40,10,10,
5648,25,24,12,6,
5652,25,72,18,19,
2028,61,36,14,23,
2030,68,75,13,52,
4811,28,89,8,26,
4815,29,79,10,23,
4836,34,50,11,18,
4858,34,38,9,14,
4906,25,40,9,10,
2075,21,28,14,7,
2081,22,36,11,8,
875,2,0,1,0,
877,3,33,17,1,
882,3,33,27,1,
1882,3,0,4,0,
1889,4,0,6,1,
5353,25,32,17,9,
5364,24,50,12,12,
5372,23,34,22,9,
5379,22,40,13,9,
5386,17,17,17,3,
2023,67,61,11,41,
2025,58,37,13,22,
2040,67,32,13,22,
2066,36,16,9,6,
2071,47,27,11,13,
2558,37,59,8,22,
5488,14,35,14,6,
5490,20,55,18,12,
5506,15,33,13,6,
5551,29,31,11,9,
5569,15,26,6,5,
4880,24,29,10,7,
4896,25,24,10,6,
4920,38,42,12,16,
4930,29,17,9,5,
4868,24,16,11,4,
4875,26,84,6,23,
4897,24,25,9,6,
4916,26,42,11,11,
4828,27,66,11,19,
4849,29,24,9,7,
4898,36,69,10,25,
4813,27,59,11,16,
4830,29,55,10,16,
4831,30,63,12,20,
4950,23,52,13,13,
4955,17,29,8,5,
4874,34,17,9,6,
4913,32,21,14,7,
4935,34,17,10,7,
4841,24,83,5,21,
4847,24,50,9,13,
4878,30,40,9,12,
4909,25,20,10,5,
3992,8,50,16,4,
3998,8,12,17,2,
4002,10,30,8,4,
4056,10,70,6,8,
4063,6,16,6,1,
3575,5,40,4,2,
3578,6,0,5,0,
3581,5,0,7,0,
3607,3,0,6,0,
3609,10,10,8,1,
5132,6,83,16,5,
5135,12,75,14,10,
5136,5,40,15,3,
5142,5,60,9,4,
5155,7,28,12,3,
5131,8,62,20,6,
5143,6,50,14,3,
5148,9,33,14,3,
5151,5,20,22,1,
5129,6,83,14,6,
5149,7,42,11,4,
5152,10,10,16,1,
5156,4,50,18,2,
647,3,0,10,0,
5173,19,42,20,9,
5181,18,50,22,10,
5190,15,33,14,6,
5213,17,23,15,4,
5248,12,66,13,8,
5196,6,16,9,2,
5220,15,26,15,5,
5240,11,9,9,1,
5241,19,42,10,9,
5245,20,25,13,5,
4820,31,64,9,21,
4855,35,68,12,24,
4883,22,18,11,5,
4900,33,30,9,10,
4934,22,40,9,9,
2644,6,0,5,0,
2660,6,16,7,1,
4843,24,50,13,13,
4882,30,53,9,17,
4887,28,50,7,15,
2641,10,40,8,5,
2658,5,80,7,5,
2677,9,11,23,1,
2687,6,33,13,2,
2016,65,29,15,20,
2018,56,73,23,42,
2020,61,55,14,35,
2022,56,23,12,13,
2047,50,16,13,8,
2039,46,30,14,14,
2053,48,29,12,14,
2058,48,22,12,11,
2070,54,22,10,12,
4474,2,0,62,1,
4504,1,0,17,1,
4543,2,0,67,1,
4549,1,0,34,1,
4557,3,0,6,1,
4844,37,97,7,37,
4850,31,54,10,18,
4940,21,57,6,13,
2487,15,46,7,8,
2494,7,28,11,2,
2495,7,28,14,3,
2509,5,20,6,2,
2520,5,40,1,2,
2476,10,70,9,7,
2478,10,40,15,4,
2511,10,70,4,8,
2512,9,33,11,3,
2519,7,14,6,2,
2012,64,26,18,17,
2036,40,47,13,19,
2061,60,21,10,14,
3464,8,50,10,4,
3471,6,33,7,2,
3482,16,12,12,2,
3491,8,37,8,4,
3537,6,16,5,1,
2630,7,14,10,1,
2639,8,25,12,3,
2649,7,14,11,1,
2663,6,0,12,1,
4810,29,65,10,20,
4871,34,38,12,13,
4893,26,26,9,7,
4918,30,33,17,10,
4942,29,13,11,4,
5172,17,11,23,3,
5253,5,20,16,2,
5278,3,66,7,2,
5182,13,53,8,8,
5203,16,56,18,10,
5207,13,46,10,7,
5224,12,25,14,3,
5231,13,38,17,6,
5180,24,62,27,15,
5212,12,50,13,7,
5244,14,35,12,6,
5185,15,53,15,8,
5189,13,15,23,2,
5225,13,30,17,5,
5229,12,41,19,6,
5247,11,9,12,1,
5340,29,48,27,14,
5351,27,37,25,10,
5357,40,27,21,11,
5360,16,6,18,1,
5378,16,6,12,1,
2013,49,59,14,30,
2048,55,38,10,22,
2050,56,35,15,21,
2065,49,30,13,15,
2074,15,40,9,7,
2082,10,80,8,8,
3569,3,0,4,0,
3604,3,0,3,1,
3615,7,28,7,2,
3713,6,16,3,1,
3723,2,0,6,1,
4819,32,46,14,16,
4822,29,44,10,14,
4842,22,90,9,21,
4870,33,30,9,10,
4862,27,22,11,6,
4888,21,61,7,14,
4922,30,13,10,4,
4949,29,27,16,8,
4180,5,40,18,2,
4188,5,0,10,1,
4200,5,20,12,1,
4240,2,0,15,0,
4270,2,0,4,0,
4814,26,53,10,15,
4821,34,61,9,22,
4846,30,33,13,10,
4857,32,9,12,3,
4867,31,54,18,18,
4834,28,60,13,18,
4886,23,56,11,14,
4899,33,30,16,10,
4945,34,29,15,11,
4948,22,40,13,9,
2076,9,55,15,6,
2083,15,60,6,10,
2089,14,28,12,4,
2090,10,10,5,1,
2106,7,28,5,3,
2928,8,62,15,6,
2988,5,40,8,3,
3018,9,22,12,2,
3070,6,0,10,0,
3074,6,33,22,2,
2635,2,50,9,2,
2714,4,25,19,1,
2745,5,20,21,1,
2531,56,91,9,52,
4472,1,0,36,1,
2014,54,64,13,36,
2054,36,33,7,12,
2068,62,43,13,27,
3475,6,0,12,0,
3492,8,25,12,2,
3540,14,28,7,4,
3552,9,22,9,2,
5502,20,10,7,2,
5514,20,45,18,10,
5555,21,47,12,10,
5566,21,19,8,4,
2482,13,23,22,3,
2517,11,54,8,7,
2525,8,0,6,0,
2526,7,28,6,3,
5470,92,36,33,34,
2021,57,22,19,13,
2057,51,23,11,12,
2042,62,29,20,18,
2046,47,42,11,20,
2060,49,38,14,20,
2034,59,49,12,29,
2035,44,36,14,17,
2037,47,42,11,20,
2017,43,81,11,35,
2026,53,32,15,18,
2490,11,36,6,4,
2503,4,25,3,1,
2524,9,44,7,4,
4493,1,0,27,0,
4505,1,0,18,1,
4514,1,0,13,1,
4520,2,50,75,1,
4522,1,0,21,1,
2927,15,40,13,7,
2957,8,37,6,4,
2973,5,20,11,2,
3033,6,0,4,0,
3038,4,25,5,1,
5176,17,23,12,4,
5206,20,40,26,8,
5210,18,38,24,7,
5211,9,55,12,5,
5171,13,46,20,6,
5179,15,26,17,4,
2045,48,33,12,17,
2049,47,44,13,21,
2051,52,34,13,18,
2019,52,76,8,41,
2033,66,37,15,25,
2043,62,62,12,40,
2024,57,63,16,36,
2031,51,43,11,23,
2041,54,62,11,35,
2535,43,72,11,31,
2556,49,75,7,37,
2573,38,71,9,28,
2595,42,52,9,23,
2612,41,73,6,30,
3138,4,50,7,2,
3306,3,66,8,2,
3321,5,20,7,1,
3770,4,25,6,1,
3771,4,25,9,2,
2538,39,74,11,30,
2553,38,81,6,32,
2584,54,74,7,41,
2602,47,76,6,36,
2618,40,60,5,24,
2578,45,62,7,28,
2586,43,55,11,24,
2606,39,53,6,22,
2608,40,67,8,27,
2563,40,72,10,29,
2574,50,76,7,39,
2587,45,71,8,32,
2610,48,81,6,39,
2544,68,64,8,45,
2559,34,67,7,23,
2564,51,68,10,35,
2601,39,69,7,27,
2530,42,66,7,28,
2532,39,74,8,30,
2592,51,80,7,41,
2614,54,68,10,37,
5486,27,62,15,18,
5527,17,35,6,6,
5547,24,45,11,11,
5572,18,55,9,10,
5495,19,36,9,7,
5499,23,4,12,1,
5515,20,35,12,7,
5523,15,33,20,5,
5496,24,58,12,14,
5550,18,50,10,9,
5553,15,46,9,7,
5557,21,33,12,8,
5483,24,54,11,14,
5559,14,50,11,7,
5493,13,46,15,6,
5536,12,33,18,5,
5571,18,44,8,9,
2557,51,84,10,43,
2598,36,47,8,17,
2611,39,58,11,23,
2613,48,54,8,26,
5500,28,50,12,14,
5512,16,31,10,6,
5513,23,47,7,12,
5561,18,33,10,6,
5565,15,26,6,4,
5497,26,53,15,14,
5524,20,25,12,5,
5552,21,19,9,5,
5558,21,23,11,5,
2468,11,72,12,9,
2483,8,0,13,0,
2489,7,42,5,4,
2497,6,33,18,2,
2518,9,44,7,4,
2475,7,14,10,1,
2493,7,42,6,3,
2500,10,20,13,2,
2467,11,36,14,4,
2485,3,66,2,2,
2486,11,63,8,7,
2522,5,0,7,0,
2474,4,25,8,1,
2480,5,60,17,3,
2015,64,68,16,45,
2069,57,33,12,19,
2044,46,50,14,24,
2067,38,26,9,10,
2540,41,85,7,36,
2542,47,72,9,35,
2565,48,68,6,34,
2600,36,52,7,20,
2545,42,80,8,35,
2605,42,52,6,22,
2621,32,50,8,16,
2528,32,59,10,19,
2547,47,70,7,33,
2607,42,73,8,32,
2527,32,75,9,24,
2550,44,86,8,39,
2572,31,61,6,19,
2588,57,77,6,45,
2548,38,71,7,27,
2551,27,96,5,26,
2622,38,73,6,28,
2529,36,58,11,21,
2536,29,48,9,14,
2579,32,53,10,18,
4914,28,28,14,8,
4881,35,25,14,9,
4954,40,52,14,21,
4824,26,46,12,13,
4851,36,52,8,20,
4864,37,48,10,18,
4869,35,62,9,23,
4936,29,48,9,15,
4832,25,48,12,12,
4852,30,66,11,20,
4932,28,42,10,12,
4925,23,17,14,4,
4890,26,42,13,11,
4953,27,33,11,9,
4866,29,24,11,7,
4872,29,31,7,10,
4902,23,60,11,15,
4931,22,50,10,11,
4892,27,48,11,13,
4926,30,30,9,9,
3623,1,0,4,1,
3624,4,25,9,1,
3674,4,50,29,2,
3687,6,66,7,5,
3690,2,50,3,1,
2123,13,46,12,6,
2133,10,50,8,5,
2138,14,71,8,11,
2141,12,16,9,3,
2148,9,11,7,1,
4070,3,0,7,1,
4128,2,50,2,1,
4309,4,75,8,4,
4330,3,33,5,1,
4337,3,0,8,0,
4369,2,0,4,0,
4382,1,0,0,0,
694,1,0,6,0,
713,1,0,2,0,
3422,3,0,5,0,
3457,2,0,4,1,
3459,1,0,1,0,
699,4,25,6,1,
3402,1,0,0,1,
3407,1,0,1,0,
3419,1,0,0,0,
3449,1,0,0,0,
2664,3,33,6,1,
2688,4,25,26,1,
2710,2,0,13,1,
2736,4,25,6,2,
2747,5,0,7,0,
4808,21,80,7,18,
4854,39,58,12,23,
4912,26,38,9,10,
2566,44,56,9,26,
2560,42,61,11,26,
2582,52,71,7,37,
2596,48,58,8,29,
2541,45,93,6,43,
2576,49,77,9,38,
2552,45,82,8,37,
2590,42,71,8,30,
2593,33,60,9,21,
2597,43,62,9,27,
2569,39,58,8,24,
2577,40,72,9,30,
2549,33,87,7,30,
2561,34,58,10,20,
2570,42,80,10,34,
2603,43,46,7,20,
2583,42,69,8,29,
2539,41,92,7,39,
2555,48,62,7,31,
2640,6,16,9,2,
2554,50,82,6,42,
2623,34,76,5,27,
2585,39,41,6,16,
2615,38,68,7,26,
5584,5,20,24,1,
5592,7,42,16,4,
5597,4,50,15,2,
5613,6,50,21,4,
5626,4,50,7,3,
5580,3,66,6,2,
5587,4,0,8,0,
5614,7,42,10,3,
5621,3,0,10,1,
2796,3,33,43,1,
2808,2,0,19,1,
2817,2,0,6,0,
2841,1,0,18,1,
2774,3,66,10,3,
2839,3,0,18,1,
2840,2,0,6,0,
2870,2,0,11,0,
2893,3,0,6,1,
3137,3,33,9,1,
3160,3,0,12,0,
3315,2,0,4,1,
3320,1,0,28,0,
3755,2,0,7,0,
679,2,50,24,1,
3181,2,0,1,0,
3194,6,50,4,4,
3216,4,0,20,0,
3226,4,25,18,1,
5139,9,33,31,4,
5146,5,40,13,3,
5147,3,33,20,1,
5150,5,20,10,1,
5163,7,28,19,2,
2095,15,40,11,7,
2103,19,21,10,4,
2107,12,16,21,2,
2111,10,30,5,3,
2114,20,30,5,7,
4825,18,72,9,14,
4873,26,34,11,9,
4907,35,34,15,13,
4943,28,60,9,18,
5187,15,33,14,5,
2062,65,29,13,19,
5128,5,80,29,5,
5141,12,75,13,9,
5137,8,87,22,7,
5161,8,50,20,5,
5696,3,33,8,1,
5699,8,75,9,7,
2056,54,24,16,13,
3470,8,12,10,2,
3487,15,20,8,3,
3488,4,75,7,4,
3547,10,50,8,6,
3550,7,28,6,2,
3466,14,35,14,6,
3501,5,40,9,2,
3506,12,16,9,2,
3538,15,40,9,6,
3625,5,40,15,2,
3630,3,0,7,0,
3633,4,25,10,1,
3666,4,25,7,2,
3680,1,0,5,1,
5484,19,42,11,8,
5534,15,33,7,5,
2546,43,86,8,37,
2591,40,77,6,31,
2562,48,66,7,32,
2568,48,68,7,33,
2604,39,76,7,31,
2492,9,11,10,1,
2514,7,28,8,2,
2543,43,79,7,35,
2589,36,38,7,15,
2609,44,65,4,29,
2619,41,80,8,33,
2620,49,67,6,33,
5153,7,42,18,4,
5158,7,28,19,2,
5162,5,20,16,1,
5159,9,22,9,2,
5134,9,55,18,5,
4343,3,0,6,1,
4351,5,40,7,3,
4394,1,0,10,1,
4396,2,50,9,1,
2122,14,28,10,5,
2137,6,50,9,3,
2142,8,37,9,4,
2143,10,30,7,4,
2156,9,33,11,3,
2925,9,77,6,8,
2930,10,60,6,7,
2947,3,0,7,0,
2995,7,71,9,6,
3066,10,80,4,8,
5650,23,69,8,17,
5657,16,81,14,14,
5661,15,0,13,0,
687,3,33,30,1,
688,2,50,8,1,
716,3,33,8,1,
3391,2,50,12,1,
3424,1,0,11,1,
913,4,75,18,3,
914,2,0,77,0,
917,3,33,6,1,
933,5,20,14,1,
1944,2,50,12,1,
4469,2,0,13,0,
4487,1,0,33,0,
4492,2,50,8,2,
4515,2,50,48,2,
4583,1,0,11,0,
5695,8,75,15,6,
5709,7,57,18,5,
5729,3,66,12,2,
5739,3,0,24,0,
5740,3,66,19,3,
3490,7,14,13,1,
3509,7,42,7,3,
3526,11,27,8,4,
3531,11,9,8,1,
3469,11,18,8,2,
3474,9,44,10,4,
3519,11,18,8,3,
3535,9,33,6,4,
3536,9,11,7,1,
4185,3,0,17,0,
4194,2,0,14,0,
4251,3,33,12,1,
4273,4,25,15,1,
4276,5,40,10,2,
4166,2,0,14,0,
4173,2,0,11,0,
4184,5,60,8,3,
4191,4,0,12,0,
2029,45,44,17,20,
2027,52,34,14,18,
2032,45,40,11,18,
5191,11,27,31,3,
5230,13,53,13,8,
5232,13,23,13,4,
747,4,0,30,0,
5199,17,29,28,5,
5215,17,41,19,7,
5238,13,30,16,4,
5202,18,38,27,8,
5227,12,16,11,2,
5216,10,40,18,4,
5246,14,28,13,5,
5188,17,52,17,9,
4157,2,0,16,0,
5186,16,37,9,6,
2072,11,36,12,5,
2092,19,42,12,9,
2098,18,50,12,9,
2101,22,27,8,6,
5166,16,50,14,9,
5249,17,29,11,6,
5154,5,20,17,1,
5164,8,25,20,2,
5200,11,27,21,3,
5214,9,11,24,1,
5237,20,25,18,6,
5453,75,61,23,47,
5456,97,48,22,48,
2533,37,56,10,21,
5503,20,15,11,3,
5529,16,31,9,6,
5344,25,68,20,18,
5345,24,54,16,13,
5355,26,26,19,7,
5361,25,48,22,13,
5380,22,27,13,6,
5337,26,42,15,11,
5366,21,23,14,5,
5383,24,33,27,8,
5177,19,47,9,10,
5184,12,41,20,6,
5192,15,13,10,2,
2849,2,0,8,0,
2879,1,0,5,1,
2897,1,0,7,0,
2781,2,0,5,0,
2835,1,0,0,0,
2837,2,0,4,0,
2892,4,25,2,2,
2901,1,0,4,0,
2792,3,33,6,1,
2804,2,50,6,1,
2828,3,33,15,1,
2896,2,0,5,0,
2905,1,0,10,0,
3489,10,30,11,3,
3510,8,0,6,0,
3515,9,0,7,0,
3544,7,42,9,3,
5505,21,52,13,12,
5517,21,23,12,5,
5535,19,36,8,7,
5539,16,37,10,6,
5525,17,5,8,1,
5537,13,46,8,6,
5545,25,64,13,17,
5554,28,46,14,14,
2477,6,33,9,2,
2505,7,28,8,2,
5518,19,57,12,11,
5521,25,28,10,8,
2581,44,77,7,35,
2567,37,64,9,24,
2617,41,70,7,30,
2580,48,66,8,33,
2616,39,51,10,21,
4162,3,0,16,0,
4228,1,0,10,1,
4264,2,50,4,1,
4265,6,16,7,1,
5165,16,31,13,5,
5334,16,43,30,7,
5335,31,77,14,25,
5356,24,16,22,4,
5362,20,50,23,11,
5347,29,68,17,20,
5374,21,9,12,2,
5375,12,25,18,3,
5382,27,25,13,8,
5343,25,8,20,2,
5354,26,26,17,7,
5359,26,34,17,9,
5388,21,52,17,11,
5341,22,59,22,13,
5363,20,60,16,12,
5373,21,52,12,12,
4094,5,0,22,0,
4149,1,0,4,1,
4082,4,50,5,3,
4139,1,0,2,0,
4080,2,0,3,1,
4806,30,26,11,9,
4877,29,24,13,7,
4859,43,41,10,19,
3574,5,0,10,0,
3580,4,0,3,0,
3595,5,0,5,0,
3726,1,0,0,0,
3996,5,80,5,5,
4003,9,22,7,3,
4005,6,33,4,3,
4038,9,55,5,5,
4064,11,36,11,4,
661,8,50,18,5,
3183,4,0,11,0,
4007,5,40,4,3,
4013,3,33,8,1,
5133,9,55,13,5,
964,2,0,13,1,
4876,27,14,12,5,
4939,25,56,10,14,
5217,12,16,14,2,
5223,13,23,13,3,
2059,57,40,11,23,
2052,55,41,14,23,
5492,19,26,15,5,
2038,44,11,14,5,
2643,7,14,109,1,
2723,3,0,4,0,
5633,31,41,22,13,
5641,30,36,15,11,
5656,26,42,8,11,
5659,22,59,13,14,
5667,21,19,5,4,
5634,20,30,20,7,
5646,22,59,14,14,
5649,29,58,11,17,
5669,23,34,15,9,
5671,17,11,11,2,
2926,6,83,7,6,
2937,9,77,10,8,
2963,8,62,10,6,
2981,8,37,20,4,
3009,9,22,10,2,
2932,12,41,12,5,
2935,11,45,9,6,
3029,9,33,10,3,
3037,9,33,9,4,
695,1,0,58,0,
697,1,0,42,0,
3392,1,0,48,1,
3403,2,0,40,1,
4895,32,37,18,13,
4952,25,16,10,5,
3561,3,0,6,0,
3567,4,25,8,2,
2084,12,50,8,7,
2091,11,27,7,4,
2097,9,22,6,2,
2113,15,33,7,6,
3987,7,57,6,5,
3988,8,50,7,4,
3989,4,0,4,1,
4001,5,0,6,0,
4006,3,66,5,3,
5719,4,25,10,1,
5720,1,0,45,1,
5728,6,66,21,5,
5747,6,16,29,2,
2575,38,81,7,31,
5549,23,21,10,5,
618,5,40,19,2,
627,3,0,21,0,
659,2,50,2,1,
3178,1,0,9,1,
3352,3,66,32,3,
4193,1,0,16,0,
4202,4,50,9,3,
4203,5,60,5,4,
4204,2,0,5,1,
4261,4,0,6,0,
4171,2,0,6,0,
4178,1,0,9,1,
4229,1,0,5,0,
4230,3,0,13,0,
4211,4,25,13,2,
4219,3,66,22,2,
4225,3,33,5,2,
4260,4,25,4,2,
4268,2,0,20,1,
4177,2,0,14,1,
4186,1,0,20,0,
4226,4,75,20,4,
4237,4,0,27,1,
4160,2,0,8,1,
4274,4,50,14,3,
4941,19,31,14,6,
4845,27,44,9,12,
4915,22,0,11,0,
4164,3,33,9,1,
4207,4,25,8,2,
4214,5,20,19,1,
4250,1,0,6,0,
4933,30,26,9,8,
4856,36,30,12,11,
4220,2,50,8,1,
4222,4,50,5,2,
2969,7,14,31,1,
3031,4,0,9,0,
3057,8,12,9,2,
3156,4,50,19,2,
3163,3,0,16,0,
3304,3,66,8,2,
3313,1,0,12,1,
3746,3,33,28,1,
961,1,0,114,1,
978,2,0,30,0,
4397,4,75,13,4,
4402,1,0,36,1,
5588,2,0,56,0,
5598,3,66,15,3,
5601,2,0,8,1,
3150,2,50,7,1,
3154,4,75,10,4,
3328,1,0,17,1,
3764,2,0,8,0,
3558,3,0,21,0,
5610,5,60,20,4,
5627,2,50,8,1,
5632,5,0,31,1,
959,4,25,30,1,
990,1,0,120,0,
4439,2,0,18,0,
4446,2,0,55,0,
2055,52,30,18,17,
4889,27,22,10,6,
4924,35,34,10,12,
4827,29,34,13,10,
3622,6,50,11,4,
3658,4,25,13,1,
3684,3,0,6,1,
3697,3,33,6,1,
3700,6,16,7,1,
2119,13,69,14,10,
2139,10,20,8,2,
2149,7,28,7,2,
2160,10,80,13,8,
4342,6,66,8,5,
4346,3,66,7,2,
4354,4,50,6,2,
4277,3,33,10,1,
4310,4,50,8,2,
4315,3,66,8,2,
4325,3,66,7,3,
4356,3,66,8,3,
4306,3,66,6,3,
4345,2,50,4,2,
4370,3,0,5,0,
4372,4,25,11,1,
4388,2,50,5,1,
4124,4,0,8,0,
4126,2,50,5,2,
5175,18,55,16,10,
5218,9,44,9,4,
5197,12,33,23,4,
5228,14,50,13,7,
5221,8,37,14,4,
5226,14,21,10,3,
5234,15,46,16,7,
5204,11,27,13,3,
5208,9,33,18,3,
5219,12,33,14,5,
5236,10,30,11,4,
5170,11,27,18,4,
5168,15,80,10,12,
5178,13,46,15,7,
5209,13,30,11,4,
5222,9,44,43,5,
5193,12,50,11,7,
5250,13,23,11,4,
2073,15,20,19,4,
2080,20,30,11,6,
2109,12,8,9,2,
3981,6,33,6,3,
3991,7,57,13,4,
3995,10,40,16,4,
4009,3,66,8,3,
4040,4,25,5,1,
3980,6,0,14,0,
4033,4,0,10,1,
5465,97,44,19,43,
5472,79,17,32,14,
5481,76,30,31,23,
3133,4,50,17,2,
3168,3,0,8,0,
2789,2,50,9,1,
2790,1,0,19,0,
3560,2,0,7,0,
4833,30,43,16,13,
2079,12,58,8,7,
2100,25,28,8,7,
4923,20,20,10,5,
4928,21,14,7,3,
2653,4,50,11,2,
2703,4,0,19,0,
2731,3,33,12,1,
2758,2,0,53,0,
2760,2,0,13,1,
5574,1,0,15,0,
5138,4,25,11,2,
5144,7,0,21,0,
2521,10,50,9,5,
4839,32,90,10,30,
4826,27,37,11,11,
4894,25,48,11,12,
4807,30,70,9,22,
4860,43,44,10,20,
4908,31,35,11,12,
4812,36,69,10,25,
4865,32,56,13,19,
4937,24,33,8,8,
4919,24,37,10,10,
4809,20,90,8,18,
4885,27,18,10,6,
4901,39,61,13,25,
4861,33,24,11,9,
3720,3,0,7,0,
2077,11,36,11,5,
2112,10,10,5,1,
4837,27,59,11,17,
5254,4,50,27,3,
5279,8,25,25,2,
5296,3,0,12,1,
5305,4,75,9,3,
5323,6,0,12,1,
5289,4,25,12,1,
5294,2,0,21,1,
5314,3,0,39,1,
5320,5,20,8,1,
5352,23,21,15,6,
5174,12,16,14,2,
4944,27,55,14,15,
2088,15,6,9,2,
2102,17,29,10,5,
620,5,60,21,4,
2063,49,24,13,12,
2064,44,38,9,17,
2599,49,69,8,34,
2594,36,80,7,30,
2491,6,33,8,2,
2523,5,0,7,0,
2470,9,11,9,2,
4017,7,0,7,0,
4023,8,50,6,4,
3608,2,50,4,2,
3613,6,33,5,2,
5157,5,40,23,2,
5367,27,48,13,13,
5377,20,30,20,6,
5346,27,22,23,6,
5391,23,26,16,6,
4905,22,40,13,10,
2537,37,83,9,32,
2145,13,76,10,10,
4917,31,32,11,11,
844,2,0,13,0,
3582,4,25,7,2,
3590,5,60,5,3,
3725,4,25,4,2,
3732,7,28,6,3,
3742,4,75,7,3,
2104,12,33,7,4,
2116,14,71,7,10,
4879,26,30,13,9,
4891,32,65,14,22,
5350,25,64,17,16,
5365,21,28,14,6,
3481,12,41,13,6,
3495,9,22,6,2,
3530,11,18,9,2,
3472,7,14,7,1,
3476,7,14,9,1,
3520,6,33,8,3,
3463,8,50,15,4,
3502,10,10,9,1,
3532,9,44,7,4,
3480,7,14,7,2,
3497,9,33,8,3,
3511,9,33,8,3,
3514,17,23,9,4,
3473,4,0,8,0,
3483,12,16,12,2,
3549,8,12,5,1,
3556,5,0,11,0,
5491,19,52,10,11,
5507,21,28,9,6,
5533,18,27,9,5,
4823,22,40,10,10,
3587,4,50,4,3,
3591,3,33,11,1,
3727,4,25,8,2,
4195,4,25,9,1,
4212,1,0,7,0,
4285,3,0,20,0,
4286,5,0,12,1,
4314,3,33,9,1,
4334,4,0,5,0,
4357,2,50,6,2,
3330,3,66,13,2,
3748,2,0,37,1,
3749,5,20,19,1,
3767,3,33,8,1,
2473,12,33,8,4,
2496,9,22,8,3,
2504,11,27,8,4,
2508,4,25,8,1,
4000,7,14,11,1,
4012,6,16,3,1,
4019,4,25,6,1,
4034,7,28,3,2,
2093,14,35,6,6,
873,4,50,18,2,
887,1,0,38,0,
2463,2,0,59,1,
3239,2,0,5,0,
3247,2,0,3,0,
5662,24,33,15,8,
5672,22,50,21,11,
5183,11,54,10,7,
5205,14,35,17,6,
5239,5,40,10,2,
5459,98,76,19,76,
5462,84,23,20,20,
5461,96,91,15,89,
801,3,33,17,1,
812,4,0,20,0,
819,3,0,10,0,
833,4,25,3,1,
5251,6,33,8,2,
5255,3,0,4,1,
5263,4,25,12,2,
5299,2,50,47,2,
5313,8,37,24,3,
5130,7,57,30,5,
5342,20,35,29,7,
5381,22,31,17,7,
3478,13,30,11,4,
3494,9,33,10,3,
3505,13,23,8,3,
2571,32,78,8,26,
2534,42,64,10,28,
3518,7,42,9,4,
3524,7,57,6,4,
3533,6,16,7,1,
3546,12,8,6,1,
3465,11,36,10,4,
3517,9,22,4,2,
3522,10,10,8,1,
3498,8,12,12,1,
3521,7,14,7,1,
3525,7,42,8,3,
3504,8,50,18,4,
3513,11,36,8,4,
3516,8,37,6,3,
3551,9,11,9,2,
5485,27,25,10,7,
5494,24,79,6,20,
5564,17,41,10,8,
5511,22,13,9,4,
5530,25,32,13,9,
5543,21,33,9,7,
5570,21,52,5,12,
830,2,0,1,0,
5258,3,33,14,1,
5489,16,50,9,8,
5455,104,74,19,78,
5463,78,24,25,19,
5454,91,86,18,80,
5468,93,30,22,28,
5479,85,32,38,28,
5385,22,18,10,4,
2086,20,25,10,5,
3557,3,0,7,0,
3579,4,75,7,3,
3597,5,20,4,1,
4217,3,0,2,0,
4488,2,50,7,1,
4511,3,66,19,2,
4574,1,0,40,1,
4576,2,0,7,0,
5706,5,20,20,2,
5707,4,75,14,4,
5708,4,75,17,3,
5715,7,42,14,4,
5741,4,75,16,3,
2968,9,66,10,6,
3013,12,33,13,5,
3051,9,44,18,4,
2944,8,50,9,4,
3016,7,28,6,3,
3036,10,30,6,4,
638,4,25,18,1,
3199,5,20,11,1,
3211,4,0,6,0,
3335,2,0,1,0,
3376,5,60,13,4,
5339,33,54,15,19,
2513,6,16,8,2,
2516,4,25,2,1,
2498,2,0,26,0,
5508,28,60,11,17,
5563,18,61,16,12,
5498,19,42,9,8,
5519,17,23,14,4,
5348,27,25,24,7,
5349,20,15,11,3,
5501,16,62,10,10,
5541,20,40,8,9,
5504,20,30,13,6,
5568,17,41,9,7,
5510,21,66,8,14,
5516,25,36,8,9,
5538,20,45,11,10,
5567,21,57,9,12,
5548,18,16,11,3,
5509,21,28,13,7,
5487,20,50,15,10,
5540,25,80,11,21,
5532,17,29,10,5,
5526,16,31,8,6,
935,1,0,28,1,
1923,2,0,40,1,
1926,1,0,30,0,
1929,2,50,6,1,
5714,4,25,8,1,
5727,2,0,9,0,
2628,5,60,5,3,
5528,14,50,10,7,
5560,11,27,7,4,
960,1,0,4,1,
970,1,0,3,1,
982,1,0,2,0,
4411,2,0,1,0,
4417,2,0,42,1,
4398,1,0,7,0,
5264,3,33,12,1,
5265,2,0,33,1,
5312,3,33,13,1,
5316,3,0,16,0,
5330,4,50,13,3,
5471,95,10,15,10,
5562,17,17,4,3,
5277,4,25,7,1,
5329,2,0,2,0,
5336,27,85,17,23,
2735,6,66,10,5,
893,3,0,19,0,
2450,3,0,4,1,
2460,2,0,5,0,
3240,3,33,10,2,
3438,2,0,25,0,
5637,22,45,13,11,
5654,19,52,14,10,
5664,22,27,17,6,
5694,1,0,22,0,
5730,3,33,24,2,
5746,4,25,19,1,
5750,5,40,17,3,
4311,5,60,10,3,
4320,2,0,6,0,
4347,3,0,2,0,
4353,1,0,3,0,
4362,2,0,3,0,
3468,13,30,15,5,
3543,10,20,7,2,
3125,2,0,7,0,
3127,5,0,12,0,
2697,4,50,12,2,
2702,3,33,4,1,
2501,4,25,15,2,
4863,23,34,8,9,
4176,1,0,17,0,
4223,2,0,6,0,
4232,2,50,2,1,
4241,3,66,6,3,
4817,32,50,11,17,
2481,6,0,17,0,
5520,18,55,10,10,
3568,2,0,10,0,
3588,3,66,4,3,
3592,7,28,10,2,
3714,6,0,7,0,
3570,4,0,2,0,
3729,5,0,4,0,
3733,3,33,10,2,
3602,2,0,1,0,
3606,2,0,0,1,
3585,4,0,19,0,
3603,4,75,4,3,
3719,2,0,0,0,
3730,4,0,15,0,
3573,6,50,5,3,
3716,3,0,1,0,
3722,6,0,4,0,
3715,5,20,8,1,
3734,4,50,4,2,
3740,3,33,4,1,
3612,3,66,6,2,
3737,3,33,1,1,
3571,6,16,9,1,
3594,3,0,5,1,
3611,5,20,6,1,
3617,3,66,3,2,
3631,9,22,6,2,
3656,6,66,6,5,
3693,7,57,11,4,
3694,4,50,7,3,
929,1,0,1,1,
1928,1,0,1,0,
1949,2,0,20,1,
1960,1,0,0,0,
2125,7,57,8,4,
2128,10,80,14,8,
2129,11,36,9,5,
2135,11,54,11,6,
2147,6,50,17,3,
2124,15,26,10,4,
916,2,50,20,2,
926,1,0,66,0,
943,1,0,6,0,
1958,3,33,9,2,
5712,4,25,12,1,
5716,4,50,6,2,
5733,6,33,8,3,
5748,2,0,14,1,
918,4,25,12,2,
1952,4,50,18,2,
1962,4,0,22,0,
5697,4,75,8,3,
5710,2,0,12,0,
5722,3,0,25,0,
5736,7,42,8,4,
3620,5,40,6,3,
3638,3,33,5,1,
3649,5,0,4,0,
3692,8,37,6,3,
5705,3,66,23,3,
5732,7,85,23,7,
5635,18,16,9,3,
5658,20,5,15,1,
4951,23,43,19,10,
4929,29,37,15,11,
4299,2,0,17,1,
4349,1,0,5,1,
4376,2,0,14,0,
4284,4,75,6,3,
4300,5,0,18,0,
4305,2,50,8,2,
4338,5,60,6,3,
5644,18,50,13,9,
5651,25,12,29,3,
5663,21,57,9,13,
4295,1,0,5,0,
4308,3,0,6,0,
4281,4,75,12,3,
4317,2,0,4,1,
4360,1,0,9,0,
4391,2,50,14,2,
4393,2,50,7,2,
4463,4,25,17,1,
4478,1,0,38,0,
4542,2,0,0,1,
4545,2,50,5,2,
4571,1,0,0,0,
4290,2,0,12,0,
4341,3,66,17,3,
4289,1,0,10,0,
3629,7,28,10,2,
3632,6,16,13,2,
3646,5,20,8,1,
5369,10,70,11,7,
5376,22,13,23,3,
5338,27,62,18,17,
5389,20,25,14,5,
797,1,0,29,0,
802,3,0,5,0,
832,1,0,0,1,
2469,5,40,8,3,
4884,27,18,11,5,
4244,3,33,4,2,
4254,2,50,7,1,
4189,5,40,8,3,
4208,3,33,6,1,
4233,1,0,4,1,
4011,5,20,9,1,
5466,70,17,31,12,
5280,2,50,33,1,
5282,5,80,15,4,
5293,3,33,4,2,
5327,5,0,1,0,
5368,24,20,18,5,
5384,18,44,10,9,
3467,11,81,7,10,
3512,7,28,7,3,
869,3,0,24,1,
1884,3,33,4,2,
3246,2,0,0,0,
634,6,33,43,3,
651,3,33,64,1,
675,3,66,13,2,
3382,4,25,1,1,
624,9,22,28,2,
644,3,33,14,2,
646,6,33,23,2,
681,3,0,3,1,
3213,4,25,11,1,
5201,10,10,22,1,
5546,18,55,15,10,
3542,9,22,6,2,
3553,8,37,8,3,
3545,4,0,6,0,
5370,17,11,16,2,
3484,7,28,11,2,
795,6,0,15,0,
808,3,33,42,1,
5269,5,0,28,0,
5276,4,25,5,2,
5304,5,20,6,1,
4818,28,60,9,18,
637,3,33,42,1,
639,6,33,60,3,
3204,6,33,7,2,
3223,3,0,13,0,
3177,1,0,7,0,
3187,5,40,26,2,
3218,2,0,34,0,
3351,4,25,13,2,
3364,3,33,4,1,
631,7,14,21,1,
3175,2,0,7,1,
3184,4,0,28,0,
3225,3,33,8,2,
658,4,0,10,1,
3212,3,0,2,0,
669,4,75,37,3,
3341,4,50,19,2,
3347,5,20,22,1,
3586,4,0,7,1,
3721,2,50,3,1,
3738,5,20,5,1,
3741,2,0,3,0,
666,4,25,7,1,
674,3,33,28,2,
3378,2,0,7,0,
3383,3,0,2,0,
3566,3,0,5,0,
649,7,0,40,0,
680,10,40,35,4,
3286,1,0,20,1,
3314,2,0,3,0,
4031,10,10,9,1,
4047,5,60,8,4,
4060,4,0,8,1,
3979,12,41,12,6,
4049,11,36,9,5,
3984,9,33,9,3,
4010,6,50,8,3,
4020,8,12,6,2,
4055,7,42,5,4,
5589,2,50,39,1,
5596,3,33,14,2,
5624,3,33,14,1,
3584,5,0,5,0,
796,2,0,35,0,
842,2,0,2,0,
3276,4,25,14,1,
5271,5,0,12,0,
5291,6,16,16,2,
5297,6,50,15,3,
5198,10,0,12,0,
2506,5,60,4,4,
2502,5,40,7,2,
4509,4,75,18,3,
4528,3,66,17,2,
4568,2,0,27,1,
4580,2,0,26,1,
4594,1,0,15,0,
2798,1,0,36,0,
2805,1,0,1,1,
2880,2,0,9,0,
2779,1,0,15,1,
2858,2,0,32,1,
2894,1,0,0,0,
2923,1,0,0,0,
2787,1,0,26,1,
2876,3,33,4,1,
2914,2,50,10,1,
2919,2,50,2,1,
3559,5,20,8,1,
2809,2,0,18,1,
2831,2,0,12,0,
2836,1,0,1,0,
2920,1,0,0,0,
2786,2,0,12,1,
2810,1,0,26,1,
2872,1,0,5,1,
2800,1,0,9,0,
2824,2,0,6,1,
2827,2,50,56,1,
2857,3,0,7,0,
3986,9,77,6,8,
4004,9,11,7,2,
4921,26,57,11,15,
2816,2,0,23,0,
2860,1,0,2,0,
2908,2,0,28,0,
2909,1,0,10,1,
5274,4,25,39,1,
753,4,25,2,1,
828,4,25,17,1,
5660,22,0,11,0,
4187,1,0,5,0,
4215,3,33,7,2,
4221,1,0,10,0,
811,3,33,20,2,
3275,2,0,8,0,
5473,90,33,25,30,
5469,97,53,24,53,
5390,18,50,17,10,
5358,18,33,16,6,
3600,2,0,0,1,
3601,2,50,0,1,
5194,11,72,16,8,
3503,11,0,11,0,
3541,5,40,9,2,
3563,3,33,21,1,
5333,22,31,22,8,
2632,2,50,4,1,
2676,6,50,4,3,
2716,3,33,2,1,
2737,5,0,15,0,
2672,3,33,23,2,
2634,3,0,6,0,
2678,3,33,4,2,
2725,3,0,2,0,
2659,5,20,6,1,
2671,4,0,11,0,
2679,3,0,3,0,
2706,5,40,3,2,
2651,6,16,22,2,
2681,2,0,4,0,
2689,5,40,7,2,
2734,5,40,2,2,
2693,3,0,1,0,
2699,5,0,10,0,
2708,5,20,23,1,
2769,3,33,1,1,
5260,4,50,5,3,
5325,1,0,2,0,
5326,7,0,4,0,
5268,5,20,16,1,
5286,5,0,41,0,
2094,14,64,5,10,
2471,4,50,4,3,
2132,12,25,11,3,
2150,14,42,7,7,
4293,1,0,29,0,
4294,2,0,4,1,
3527,7,14,5,1,
3493,7,14,7,1,
3539,6,16,14,1,
915,2,50,26,2,
1922,1,0,45,1,
1935,3,0,26,1,
1940,2,50,4,2,
1950,1,0,7,0,
2625,7,57,18,5,
2705,4,50,12,2,
2712,3,33,6,2,
2756,1,0,2,0,
3365,4,0,7,0,
3374,1,0,3,0,
3384,5,40,9,2,
4410,1,0,33,0,
4447,1,0,6,1,
4453,2,50,10,1,
4456,2,0,1,0,
752,6,66,18,4,
754,5,20,11,1,
814,3,33,23,1,
4296,3,33,21,1,
4304,1,0,1,0,
4319,2,0,8,0,
4348,2,50,5,2,
3477,6,16,12,2,
3496,5,60,3,3,
3529,8,25,8,2,
3555,5,40,6,2,
5259,3,0,8,1,
5324,4,0,3,1,
4911,25,32,8,9,
4048,6,16,4,1,
4062,3,66,2,3,
5371,15,33,25,6,
5387,21,38,23,8,
2960,9,22,14,2,
2994,6,50,2,3,
3020,5,40,7,3,
3022,7,57,11,5,
2991,8,12,4,1,
3026,9,55,8,5,
3062,10,20,5,3,
3072,8,25,4,3,
3534,6,16,8,1,
3479,4,0,11,0,
3499,9,55,7,6,
2078,15,13,10,2,
2105,13,23,7,3,
4159,2,0,12,1,
4256,4,75,9,3,
4216,2,50,41,1,
4238,3,33,10,1,
4275,3,0,6,0,
4170,1,0,7,0,
4172,2,0,40,0,
4249,1,0,8,1,
4182,2,50,4,2,
4205,5,0,9,1,
3507,4,25,10,1,
3523,5,20,7,2,
2952,7,85,12,7,
2980,6,50,7,3,
2997,2,0,12,0,
2965,4,50,6,2,
2979,7,42,5,4,
3002,7,0,9,0,
3050,11,27,26,3,
3067,11,0,4,0,
868,2,0,8,0,
3238,2,0,6,0,
3244,2,0,0,0,
3435,2,0,1,0,
938,3,33,22,2,
4838,31,48,10,16,
2096,17,47,6,8,
2110,12,25,6,3,
2087,14,35,17,5,
2099,11,18,6,2,
2108,16,43,9,8,
2085,8,50,6,5,
2115,9,11,5,2,
3614,2,0,2,0,
5242,14,35,18,5,
5713,6,66,9,4,
5731,4,0,24,0,
5751,6,50,17,4,
4835,25,32,10,8,
4465,2,0,1,0,
2956,7,14,9,1,
3000,7,14,5,1,
3010,10,60,9,6,
3041,3,33,1,2,
3406,2,0,2,0,
3411,2,0,1,0,
708,2,50,27,1,
4301,3,0,11,0,
4323,2,50,0,2,
4378,1,0,16,0,
4383,6,0,10,0,
4327,3,0,5,1,
2652,5,60,17,3,
2656,2,50,49,1,
2704,3,33,17,1,
2773,3,0,23,0,
5275,3,33,19,1,
5300,3,33,12,1,
5301,2,50,11,1,
5317,3,33,6,2,
5606,4,25,17,1,
5609,4,50,18,3,
5628,2,0,10,0,
3564,3,0,19,0,
4910,29,27,9,8,
621,3,66,20,3,
625,5,80,17,5,
630,2,50,29,2,
636,6,16,17,2,
3669,4,50,4,2,
3685,3,0,3,0,
3192,5,20,15,1,
3203,3,33,7,1,
767,4,0,5,1,
806,5,40,3,2,
841,1,0,0,0,
5235,10,10,26,2,
2510,2,0,6,0,
3626,6,50,8,4,
3636,3,66,7,3,
3663,3,0,5,0,
3703,5,40,9,2,
3637,2,50,5,1,
3651,5,20,9,1,
3710,4,0,5,0,
2118,5,60,7,3,
2130,9,77,8,8,
2134,9,44,10,4,
2140,7,28,5,3,
766,3,33,10,1,
840,6,16,7,2,
664,2,0,30,0,
3195,4,25,18,1,
3339,3,0,1,0,
5717,3,33,12,1,
5725,6,66,13,5,
5737,4,75,7,4,
5700,5,80,15,4,
5704,2,50,8,2,
5718,6,50,16,4,
5745,3,0,11,0,
5698,3,66,13,2,
810,4,50,16,3,
3261,4,25,4,1,
3278,4,50,15,2,
3282,3,33,34,2,
4903,28,39,21,11,
4050,3,0,13,0,
4061,7,42,6,3,
5257,7,71,11,6,
4032,4,0,5,1,
4035,4,0,6,1,
4025,6,33,11,3,
4043,4,0,6,0,
3976,8,50,9,5,
4021,6,16,12,2,
4036,2,0,4,0,
4059,4,50,5,2,
4015,4,0,3,0,
4045,8,25,4,2,
4018,2,0,4,0,
4024,4,75,8,3,
4028,8,62,4,6,
4058,7,42,5,4,
4008,6,66,5,4,
816,5,0,12,0,
940,1,0,68,1,
945,2,50,22,1,
1936,3,33,5,1,
1943,1,0,31,1,
1948,2,50,32,1,
2153,12,58,9,7,
3660,5,20,10,1,
3670,4,50,8,2,
3678,3,0,18,1,
3675,4,25,8,1,
3704,4,50,10,2,
5668,28,21,17,6,
5392,11,18,9,3,
4288,3,0,10,1,
4339,1,0,2,1,
4386,1,0,16,1,
4324,4,75,5,3,
4333,2,50,9,1,
4380,3,66,5,3,
3653,3,33,6,2,
3673,6,83,3,5,
3676,3,0,5,0,
3712,5,0,10,1,
3635,5,60,7,3,
3677,9,33,9,4,
5145,4,75,31,4,
5261,4,0,8,1,
5302,1,0,22,0,
835,3,0,7,0,
3283,1,0,4,0,
2715,4,0,13,0,
2732,4,25,8,1,
2762,3,0,4,1,
2764,3,0,3,1,
2771,6,0,2,0,
2680,6,16,11,1,
2767,4,25,1,1,
2770,2,0,1,0,
2655,1,0,3,0,
2684,4,25,27,1,
2691,2,0,4,0,
2721,5,0,7,1,
3628,2,0,8,0,
3686,3,33,5,1,
3707,6,50,4,3,
3659,5,40,25,2,
3667,3,0,5,1,
3681,4,50,6,2,
3688,2,0,3,0,
3500,8,12,9,1,
3548,6,0,5,0,
817,4,25,13,1,
2633,4,0,9,0,
2692,6,16,4,1,
2646,3,66,9,3,
2673,1,0,26,0,
2738,4,0,8,0,
2757,2,0,25,0,
3196,7,28,7,3,
3343,2,0,1,0,
5670,17,52,14,9,
5724,5,80,16,4,
5734,3,66,5,3,
5742,4,0,22,0,
928,2,50,27,1,
3652,4,25,6,1,
3679,5,20,6,1,
3705,5,40,8,2,
2127,10,60,9,6,
2155,5,20,5,1,
2131,11,54,8,6,
2161,4,25,9,1,
2117,6,33,7,2,
946,1,0,4,1,
1913,5,20,23,1,
1925,2,50,18,1,
4291,2,0,9,0,
4336,4,25,4,1,
4377,4,25,14,2,
931,1,0,3,0,
1919,1,0,1,0,
941,3,33,9,2,
1918,2,0,19,0,
1941,1,0,1,0,
2670,9,44,25,4,
2750,4,0,20,0,
2933,4,25,7,2,
2972,10,40,9,4,
4163,3,33,10,2,
4271,1,0,3,1,
4175,4,25,14,1,
4197,2,50,19,2,
4266,1,0,25,0,
4167,3,66,5,2,
4196,3,33,6,1,
4210,1,0,4,1,
4179,4,25,12,2,
4190,3,0,6,1,
4218,1,0,5,1,
3977,5,0,12,0,
3999,7,28,8,3,
4052,7,14,5,2,
4247,1,0,14,0,
4252,2,0,6,1,
4272,4,25,19,1,
4489,1,0,2,0,
4495,1,0,0,0,
4496,2,0,0,0,
4507,3,0,2,0,
5322,5,20,12,1,
5308,3,0,4,0,
5310,3,33,29,1,
5298,4,25,3,2,
800,4,25,19,1,
807,6,16,27,1,
836,1,0,12,1,
5573,5,20,8,2,
5576,2,0,39,1,
5577,4,0,17,1,
5618,3,33,19,2,
5603,4,0,10,1,
5266,2,0,17,1,
5285,6,66,10,4,
5319,5,20,3,1,
5309,3,33,5,1,
5252,2,0,7,0,
5315,2,0,2,0,
5311,2,50,33,1,
5295,2,0,6,1,
5331,3,0,13,0,
4466,1,0,3,0,
829,3,0,51,0,
689,3,0,33,1,
702,4,50,15,2,
3418,1,0,0,0,
3428,3,33,8,2,
921,1,0,2,1,
1953,2,0,1,0,
4141,2,0,4,0,
4148,2,50,10,1,
4069,1,0,2,0,
4100,5,40,6,2,
4108,2,0,3,0,
4147,3,33,4,2,
2955,15,33,17,5,
700,1,0,62,1,
3397,2,0,63,0,
3405,1,0,16,1,
3415,2,0,37,1,
3452,1,0,74,0,
4491,2,0,86,1,
4525,2,0,31,0,
4587,2,0,16,0,
1938,1,0,41,1,
937,1,0,42,1,
1917,1,0,107,1,
919,3,66,4,3,
939,3,66,11,2,
1932,2,50,22,1,
944,1,0,46,1,
1947,1,0,63,0,
1959,1,0,53,0,
920,3,66,8,2,
922,1,0,16,1,
1956,1,0,130,1,
755,1,0,8,0,
756,3,33,21,1,
923,3,33,18,1,
927,2,50,28,1,
1914,1,0,72,1,
4519,1,0,112,0,
4544,1,0,128,1,
5749,4,50,19,2,
5665,20,20,9,4,
5666,23,69,8,17,
5639,26,23,12,7,
5655,33,30,17,10,
2958,10,20,12,2,
3008,9,55,18,6,
3032,7,28,9,3,
3565,3,0,7,0,
2657,4,0,7,0,
2768,5,0,2,0,
2776,1,0,10,1,
2903,2,50,7,1,
3162,4,0,7,0,
3287,3,33,12,1,
3295,5,20,7,1,
3332,2,0,13,1,
3180,4,25,31,2,
690,2,0,104,1,
2126,7,42,12,4,
4484,1,0,17,0,
5693,6,50,8,3,
709,1,0,18,1,
3450,1,0,13,1,
3454,1,0,18,0,
686,1,0,17,1,
714,1,0,47,0,
3401,2,50,6,1,
3455,2,50,2,2,
5702,3,0,26,1,
5721,3,0,15,1,
4278,1,0,12,1,
4390,2,0,7,0,
2121,6,50,8,3,
2152,7,57,6,4,
2154,8,0,7,0,
2136,11,27,8,3,
2158,7,14,10,1,
2120,10,60,14,7,
2146,6,50,13,4,
2144,5,20,6,1,
2157,5,20,5,1,
5579,1,0,25,0,
5615,5,20,8,2,
5625,1,0,0,0,
5629,3,33,16,1,
2159,11,45,8,5,
4129,3,33,8,1,
4121,3,66,6,2,
4104,3,33,11,1,
4242,2,50,4,1,
3983,4,25,12,2,
4042,5,20,2,2,
2698,5,0,6,0,
2629,7,28,11,2,
2701,3,0,19,0,
3572,7,28,6,2,
3616,4,25,4,1,
884,1,0,2,0,
3596,5,40,7,3,
5636,23,56,15,14,
5653,20,30,14,6,
717,2,50,71,2,
719,2,50,9,1,
2462,2,0,22,1,
3593,3,0,20,1,
3724,4,0,3,0,
4485,1,0,50,1,
4550,1,0,44,1,
4563,2,0,33,1,
4579,2,0,19,1,
4592,1,0,13,1,
838,5,60,25,4,
3263,6,33,11,3,
853,1,0,45,0,
5290,2,0,6,0,
794,3,66,41,3,
3271,4,50,14,2,
5595,3,33,19,1,
5617,3,66,9,3,
5581,2,0,17,0,
5583,6,33,19,3,
5607,6,16,12,1,
3130,4,75,48,3,
3146,2,0,2,1,
3301,5,40,10,3,
3318,1,0,7,0,
3772,2,0,1,0,
3158,1,0,1,0,
3292,3,33,5,1,
3325,2,0,1,1,
5640,18,72,13,13,
3985,7,28,10,2,
4051,3,66,2,3,
2627,2,50,6,2,
2631,3,0,7,1,
2740,2,50,18,1,
2743,3,33,7,1,
2647,5,60,14,4,
2707,6,33,22,3,
2766,3,0,21,1,
3508,3,33,12,1,
2729,3,33,4,1,
5270,1,0,2,1,
5273,4,25,9,1,
5306,6,66,11,5,
5321,4,25,4,1,
2938,9,66,19,7,
2959,8,37,11,4,
2987,8,25,11,2,
3024,5,20,9,2,
793,2,0,14,0,
799,5,20,36,1,
2709,3,0,35,0,
2733,5,60,8,3,
2739,3,33,32,2,
5723,4,75,23,3,
845,3,33,12,2,
2458,1,0,36,1,
2466,1,0,24,0,
3237,4,0,7,0,
5140,6,16,27,1,
3145,1,0,10,1,
3173,4,25,10,1,
3299,3,0,6,0,
3323,2,50,4,1,
677,5,20,36,1,
3360,3,66,33,3,
880,1,0,23,0,
2788,2,50,16,1,
2803,1,0,5,0,
2875,1,0,64,0,
678,4,0,4,0,
3198,2,50,11,2,
2626,4,50,12,2,
2642,5,60,17,3,
2730,3,33,8,1,
3982,2,50,21,1,
4022,5,60,4,4,
4029,4,0,3,0,
3994,3,33,7,2,
4054,6,0,6,1,
4039,4,0,2,0,
5160,4,75,18,4,
865,2,50,28,1,
3242,2,50,64,1,
3243,3,66,10,3,
643,4,50,23,3,
3230,5,40,6,2,
823,2,0,53,0,
3485,6,16,9,2,
3157,2,0,19,1,
3312,2,0,4,0,
3333,2,0,4,1,
3136,4,25,12,1,
3143,1,0,26,0,
3151,5,40,10,2,
3305,4,0,33,0,
3149,1,0,6,0,
3290,1,0,0,1,
3754,2,0,3,0,
3310,2,0,9,0,
3311,2,0,4,1,
3316,1,0,0,0,
3191,1,0,9,0,
629,3,33,61,2,
682,3,0,40,1,
3227,2,0,1,0,
660,2,0,22,1,
3208,3,33,10,2,
3349,4,25,43,1,
628,6,66,43,5,
648,3,33,24,1,
657,1,0,36,0,
652,3,0,21,0,
676,2,50,55,1,
3179,3,0,14,0,
3182,3,66,6,2,
966,4,0,11,0,
4428,1,0,19,1,
4436,4,0,9,1,
619,3,66,18,3,
3205,5,60,14,3,
3380,1,0,2,0,
4037,4,0,4,0,
3645,6,0,6,1,
3657,2,50,8,2,
3698,2,0,5,1,
4335,2,50,9,2,
4352,2,50,5,2,
4297,4,75,8,3,
4358,2,50,8,1,
4387,1,0,3,1,
4350,1,0,15,0,
4389,1,0,4,1,
3650,6,50,7,3,
4316,1,0,5,0,
4355,3,33,3,1,
617,4,75,22,4,
641,4,25,14,1,
655,2,0,14,0,
3209,6,0,30,1,
3217,4,0,11,1,
3388,4,25,10,2,
3202,2,0,11,1,
3210,4,0,7,0,
3389,1,0,1,1,
4364,2,50,3,1,
4366,3,0,3,0,
4385,1,0,4,1,
3153,2,0,1,0,
3300,1,0,0,1,
3751,2,0,4,0,
3753,2,50,2,2,
3769,4,0,4,0,
3135,1,0,4,0,
3291,1,0,2,0,
3322,5,20,5,2,
3329,3,0,4,0,
3124,2,0,34,0,
3128,3,33,8,1,
3745,1,0,1,1,
3757,2,0,1,1,
3744,2,0,3,0,
3298,2,50,13,1,
3155,4,25,5,1,
3307,3,0,7,1,
3144,4,0,3,1,
3760,3,0,41,1,
3148,1,0,3,0,
3752,2,0,24,0,
3169,1,0,1,0,
3334,1,0,3,0,
3761,2,0,2,1,
3147,1,0,1,0,
975,2,50,29,1,
4429,1,0,3,0,
4454,1,0,0,0,
5262,3,66,18,2,
2515,8,25,17,2,
3554,6,0,3,0,
4470,2,0,76,0,
2667,3,0,10,1,
763,4,25,7,1,
834,1,0,0,1,
3269,2,50,14,2,
3281,3,0,22,0,
3486,12,41,9,6,
2488,3,0,6,1,
2499,2,0,1,0,
3654,3,33,6,1,
3701,2,0,5,0,
3648,5,20,5,1,
3706,5,60,6,3,
3627,6,33,6,3,
691,2,0,48,0,
3395,1,0,33,0,
3621,5,60,6,3,
3699,2,50,5,1,
3708,1,0,7,0,
2151,3,33,8,1,
4375,1,0,11,1,
4081,4,25,4,1,
4133,3,66,5,2,
4307,2,0,12,0,
4331,3,0,4,0,
4392,2,50,9,1,
4298,2,0,12,0,
4302,1,0,0,1,
4332,1,0,12,0,
5701,3,33,14,1,
5703,5,20,11,1,
924,2,50,21,2,
936,1,0,49,0,
1930,1,0,65,0,
3193,3,66,18,2,
654,3,33,25,1,
3381,6,16,8,1,
3662,4,50,6,3,
2479,1,0,1,0,
2962,6,66,10,5,
2970,10,10,9,2,
3040,7,57,8,5,
3055,4,25,2,1,
2931,10,50,9,5,
2942,14,35,14,6,
2945,6,33,9,3,
2983,3,0,2,0,
3054,6,16,14,1,
685,2,0,4,0,
2967,8,62,19,6,
3042,6,50,8,3,
2982,6,50,7,3,
3048,9,77,23,8,
4486,2,0,45,1,
4516,1,0,15,1,
4540,1,0,37,0,
4564,1,0,4,1,
5647,21,14,11,3,
5643,26,53,16,15,
1937,1,0,33,0,
1954,1,0,27,0,
1955,1,0,2,1,
3647,6,66,8,5,
3711,4,25,6,1,
3664,2,50,6,2,
3682,4,25,5,2,
4368,3,33,6,1,
2624,6,66,14,4,
2722,6,16,12,2,
2654,4,0,26,0,
2668,3,0,4,1,
2700,3,33,17,1,
2682,4,0,8,0,
2759,3,33,9,1,
4464,1,0,45,0,
963,1,0,2,0,
969,1,0,1,0,
972,1,0,1,0,
4400,2,0,14,1,
4418,2,0,14,0,
3577,3,33,33,1,
3731,2,0,3,0,
5586,1,0,200,0,
5281,4,25,10,1,
3396,1,0,10,0,
3409,2,0,2,0,
3416,1,0,1,0,
2984,4,0,4,0,
3049,5,0,3,0,
3063,6,33,4,3,
2989,7,42,4,4,
3064,3,0,2,0,
3034,8,25,5,3,
3043,8,25,5,3,
2929,6,16,7,1,
2966,4,25,6,2,
3071,4,0,3,0,
2934,6,33,16,3,
2954,3,0,7,0,
3045,4,0,3,0,
2948,9,22,14,3,
2951,11,45,8,5,
3011,7,14,7,1,
2999,6,0,3,0,
3006,8,37,8,4,
3030,9,11,7,1,
3046,5,40,5,3,
3056,8,50,4,5,
3025,5,40,6,2,
5604,4,0,21,0,
2950,10,20,9,2,
2977,9,66,6,7,
3039,7,42,6,3,
3065,8,25,3,2,
3058,5,20,3,2,
2941,6,33,7,3,
3069,7,57,9,4,
3975,3,33,9,2,
4053,2,50,2,2,
2783,2,50,11,1,
2832,1,0,73,0,
2852,2,0,7,0,
2866,2,50,5,2,
2883,2,50,23,2,
2814,2,0,6,1,
2778,1,0,9,0,
2821,2,0,14,0,
2853,1,0,1,0,
2911,2,0,5,0,
5711,1,0,3,0,
5752,3,33,11,1,
4473,1,0,21,1,
4480,3,0,6,0,
4554,1,0,19,0,
4502,1,0,59,0,
4530,1,0,11,0,
4578,1,0,32,1,
4482,2,0,10,0,
4501,1,0,63,1,
4551,1,0,35,0,
707,2,50,42,1,
3456,1,0,13,0,
2936,5,40,8,2,
2975,2,50,10,1,
2986,5,20,7,1,
2992,7,0,14,0,
3044,6,33,12,2,
3640,3,33,7,2,
3671,1,0,9,0,
5735,3,33,8,2,
670,1,0,1,0,
671,3,33,30,2,
2993,9,0,12,0,
640,4,50,23,3,
656,3,33,13,2,
650,2,50,8,1,
3229,2,0,6,0,
3355,3,33,10,2,
5605,3,0,3,0,
2943,4,50,6,3,
3021,2,0,2,0,
2961,7,42,16,4,
3004,6,16,8,1,
3005,5,20,25,1,
3059,7,28,4,3,
3393,2,50,39,2,
3446,1,0,8,1,
3462,1,0,11,0,
3420,1,0,0,1,
632,3,66,9,2,
667,6,16,22,1,
3354,2,0,5,0,
3201,3,0,21,1,
3344,1,0,2,0,
3358,1,0,0,0,
626,2,0,26,1,
3370,3,66,6,2,
3372,6,16,26,1,
3189,2,0,8,0,
3176,3,66,18,3,
4016,5,40,3,2,
892,1,0,6,0,
2459,1,0,1,0,
3241,2,0,25,0,
879,1,0,3,1,
3232,1,0,1,0,
852,3,0,7,0,
1879,3,0,2,0,
2457,2,0,10,0,
3444,1,0,0,1,
3445,2,50,3,2,
3618,3,0,1,1,
3599,4,0,3,0,
3634,3,0,5,0,
4328,1,0,1,1,
3207,5,40,14,3,
3308,1,0,10,0,
3134,2,0,5,0,
3763,4,0,8,0,
3289,2,50,8,1,
3765,2,50,4,1,
3126,1,0,7,1,
3167,2,50,3,1,
866,2,0,10,0,
2452,1,0,1,0,
2464,2,0,1,0,
2449,2,0,6,0,
3436,1,0,1,1,
3442,3,0,2,0,
863,2,0,4,1,
3432,3,0,11,0,
3589,1,0,5,0,
2746,4,0,9,0,
2717,3,0,16,1,
2742,3,33,14,2,
2695,1,0,16,0,
2472,8,25,13,2,
5284,2,0,8,0,
764,4,0,3,1,
3655,2,0,7,0,
3702,3,33,7,1,
3619,3,33,9,2,
3639,2,0,5,1,
3672,2,50,3,1,
3709,4,25,5,1,
798,1,0,10,0,
825,3,33,3,1,
3279,3,0,6,0,
4105,2,50,3,2,
4127,2,0,9,0,
633,2,50,19,1,
3186,2,0,41,0,
3215,2,0,6,0,
3219,3,66,27,3,
979,1,0,10,1,
4416,2,0,18,0,
4434,3,33,17,1,
3583,5,20,5,2,
2985,11,72,11,8,
3015,3,0,5,0,
5738,2,0,8,1,
3661,1,0,1,0,
3668,2,0,2,0,
1920,2,0,1,1,
2761,4,0,9,1,
2720,2,0,2,0,
2507,3,0,4,0,
2638,1,0,5,0,
2726,3,33,5,2,
2755,1,0,18,1,
4044,6,0,4,1,
4169,1,0,1,1,
4198,2,0,1,1,
4206,4,25,3,1,
673,3,0,40,0,
3174,2,0,36,0,
3338,5,40,11,3,
3228,2,50,10,1,
3356,5,20,18,1,
645,3,0,57,0,
3362,1,0,27,0,
3367,2,0,18,1,
3052,10,70,5,8,
3605,2,50,16,1,
4494,1,0,1,0,
4535,1,0,0,1,
4590,1,0,1,0,
4168,1,0,16,1,
4224,1,0,5,1,
4174,3,33,4,2,
4239,2,0,13,1,
4262,3,66,4,2,
4165,2,0,11,0,
4181,1,0,7,0,
4231,2,50,23,1,
4234,1,0,6,1,
4257,4,25,7,1,
4259,2,50,4,1,
4236,1,0,5,0,
4227,1,0,2,0,
4245,2,50,4,1,
3728,3,33,4,1,
1887,1,0,0,0,
3233,4,0,5,1,
2446,1,0,1,1,
2727,1,0,3,0,
2741,4,25,3,1,
2869,1,0,8,0,
2882,1,0,12,0,
2845,1,0,0,0,
2921,2,50,0,2,
2765,3,33,1,1,
988,1,0,2,1,
991,1,0,1,0,
4405,2,50,18,2,
983,1,0,1,0,
985,2,0,19,0,
3220,2,0,11,1,
3340,1,0,0,0,
3366,4,50,7,2,
683,3,33,2,2,
861,1,0,0,0,
3394,1,0,61,1,
3398,2,0,7,0,
3399,1,0,36,0,
2455,2,0,10,0,
3231,1,0,0,0,
3429,3,0,12,0,
5283,4,25,7,2,
4280,2,50,5,1,
4326,1,0,0,1,
3159,2,0,20,0,
3762,2,0,4,0,
3129,2,0,17,0,
5332,2,0,36,0,
827,2,50,0,1,
803,2,0,21,1,
5288,2,0,2,0,
5272,2,0,17,0,
5307,1,0,22,1,
3387,3,0,16,0,
3235,2,50,8,2,
3437,2,0,7,0,
3206,2,0,12,0,
886,2,0,7,0,
848,2,50,46,2,
3245,2,50,3,1,
3562,4,0,11,1,
2686,1,0,13,0,
3274,4,0,2,1,
5318,1,0,0,0,
3345,2,0,8,1,
3357,4,0,12,0,
4258,1,0,39,1,
925,2,0,5,0,
5575,2,50,36,2,
5599,3,0,16,1,
820,2,0,7,0,
3262,1,0,30,0,
3717,3,66,8,3,
2696,2,0,1,1,
3142,1,0,0,1,
3433,2,0,9,0,
3337,3,0,18,0,
4065,5,60,4,3,
4183,4,25,14,1,
4192,1,0,13,1,
4199,1,0,7,0,
3348,3,66,51,2,
4095,5,20,6,1,
4321,1,0,8,1,
1915,1,0,2,0,
3978,2,0,3,0,
2946,10,70,9,8,
4365,1,0,1,1,
4371,2,50,30,2,
4395,2,0,5,0,
4046,4,25,7,1,
3222,5,20,21,2,
3294,1,0,3,0,
3131,2,0,18,1,
3331,1,0,2,1,
3309,1,0,2,1,
3327,2,0,22,1,
3759,1,0,2,0,
3319,2,0,6,0,
2976,6,66,9,5,
3303,2,50,14,2,
3141,1,0,10,0,
894,1,0,2,1,
2456,2,0,13,0,
3439,1,0,0,0,
701,1,0,20,0,
4517,1,0,19,0,
4477,2,0,27,0,
4510,1,0,18,0,
4570,1,0,2,0,
4577,1,0,1,0,
4548,1,0,2,0,
4401,1,0,29,0,
3691,2,0,15,0,
4361,1,0,38,1,
4373,2,0,5,1,
1888,1,0,36,1,
888,1,0,23,0,
2461,2,0,12,0,
890,1,0,66,0,
3440,1,0,1,1,
881,2,50,0,1,
889,1,0,4,0,
3576,1,0,23,0,
2978,5,0,10,1,
2949,8,37,9,3,
2990,5,40,7,2,
3140,2,0,8,0,
912,1,0,41,0,
5726,1,0,7,0,
4075,2,50,11,1,
2763,2,0,10,0,
3296,1,0,16,0,
2794,2,50,21,2,
2820,1,0,41,0,
2834,1,0,33,1,
2851,2,0,14,1,
4283,1,0,14,1,
3683,1,0,6,0,
2685,1,0,8,0,
2666,4,25,17,1,
2748,1,0,0,1,
2694,2,0,5,0,
3007,2,0,13,0,
3023,6,0,5,1,
3019,6,50,5,4,
3073,2,0,10,0,
749,2,0,40,0,
2996,5,0,7,0,
2971,6,33,10,2,
3012,5,60,12,3,
2964,11,72,8,8,
3053,7,57,4,5,
3061,5,60,6,3,
2939,2,0,5,0,
2940,9,66,7,6,
3003,6,50,4,3,
3014,5,40,6,3,
2974,5,40,4,3,
3035,3,0,3,0,
942,2,0,2,0,
3060,4,25,5,2,
2953,4,25,8,2,
2998,5,20,5,1,
3047,5,20,5,1,
3027,4,25,6,1,
4500,1,0,7,0,
4526,1,0,1,0,
2886,2,50,12,2,
3028,3,33,19,1,
4374,1,0,16,0,
4384,1,0,4,0,
3001,4,0,13,0,
3696,1,0,1,0,
5743,1,0,0,0,
971,1,0,25,0,
980,2,50,0,1,
4457,1,0,0,0,
3017,4,0,24,1,
2777,1,0,11,1,
984,2,0,8,0,
2645,2,0,45,0,
2752,3,33,11,1,
2648,5,20,8,1,
2711,1,0,1,0,
2637,1,0,0,1,
2719,3,0,5,0,
2650,1,0,2,1,
2662,4,25,6,2,
2718,1,0,5,0,
2772,1,0,2,0,
668,4,75,12,3,
2815,1,0,11,1,
2862,1,0,7,0,
4567,1,0,0,0,
4572,1,0,0,0,
4027,2,0,4,1,
3161,2,0,24,0,
822,3,33,1,1,
854,1,0,48,0,
642,2,0,50,0,
3221,2,0,4,0,
3390,4,0,8,0,
3353,3,0,9,1,
3214,3,0,3,0,
3361,2,50,2,2,
3369,4,25,10,1,
3371,4,0,2,1,
665,1,0,1,0,
662,5,40,30,2,
3185,3,33,15,1,
3190,5,40,29,3,
5292,1,0,0,1,
3990,6,33,7,3,
3188,4,75,12,4,
698,1,0,22,1,
715,1,0,22,0,
3408,1,0,12,0,
3368,2,0,2,0,
5593,2,50,7,1,
5612,3,0,7,0,
2675,1,0,1,1,
2669,2,0,2,0,
2749,1,0,1,0,
2674,4,0,2,0,
2683,1,0,2,0,
2754,1,0,0,0,
5602,2,0,4,0,
5608,2,0,0,0,
5590,4,50,23,2,
5622,3,0,5,0,
809,1,0,21,0,
757,3,66,8,3,
826,2,50,1,1,
805,2,0,1,0,
3265,2,0,30,1,
2811,1,0,9,1,
2873,1,0,16,0,
2918,1,0,10,0,
4014,5,20,15,2,
3166,1,0,78,1,
992,1,0,26,0,
995,1,0,36,1,
4403,1,0,10,1,
4414,1,0,38,0,
3234,1,0,25,0,
885,1,0,4,0,
2454,1,0,8,0,
4057,4,0,8,1,
4041,3,66,8,2,
4255,2,0,4,0,
4026,2,0,10,1,
3739,1,0,9,1,
3528,3,33,2,1,
2807,1,0,58,1,
2881,1,0,58,0,
2907,1,0,38,0,
2916,2,50,18,2,
3598,2,50,5,2,
3610,1,0,3,0,
4209,2,50,5,2,
4144,2,0,6,1,
2785,1,0,7,0,
2885,1,0,0,0,
2888,2,0,3,0,
2806,2,0,57,0,
2899,1,0,1,0,
2913,1,0,0,0,
4248,2,0,6,0,
4413,1,0,123,0,
2713,1,0,5,0,
2753,1,0,9,0,
4407,1,0,32,1,
4426,1,0,19,1,
4444,1,0,104,0,
4408,1,0,8,1,
4450,1,0,18,0,
4451,1,0,27,0,
4452,1,0,5,1,
839,1,0,0,0,
5267,1,0,3,1,
3743,1,0,25,1,
2724,1,0,7,1,
2846,1,0,3,1,
2864,1,0,14,0,
2818,1,0,6,1,
2826,1,0,6,0,
2829,1,0,25,0,
2847,1,0,2,1,
2854,1,0,3,0,
2890,1,0,1,0,
3171,1,0,0,0,
2782,1,0,58,0,
2795,1,0,48,0,
2812,1,0,22,1,
2917,1,0,30,1,
2775,1,0,17,0,
2891,1,0,91,1,
2906,1,0,64,0,
2877,1,0,0,0,
2887,1,0,0,0,
2902,1,0,0,0,
2833,1,0,21,1,
2861,1,0,47,0,
2878,1,0,34,0,
3386,2,0,3,1,
4409,1,0,30,1,
4430,1,0,3,0,
4538,1,0,33,0,
4585,1,0,1,1,
4136,1,0,3,0,
4318,1,0,3,0,
5328,1,0,17,0,
4420,1,0,0,0,
4423,1,0,0,0,
4433,1,0,1,0,
4246,1,0,12,1,
4263,1,0,9,0,
4161,2,50,5,2,
3997,2,0,6,1,
3200,1,0,23,1,
3336,3,66,25,3,
5256,1,0,8,1,
3425,1,0,2,0,
3448,1,0,1,0,
711,1,0,5,0,
3426,1,0,2,1,
704,1,0,1,0,
3410,1,0,1,1,
5611,2,0,7,0,
3377,1,0,30,1,
974,1,0,0,0,
4412,1,0,0,0,
4421,1,0,20,0,
4435,1,0,3,0,
5578,1,0,45,0,
4419,1,0,5,0,
4437,1,0,0,0,
4448,1,0,0,0,
4455,1,0,0,0,
5585,3,33,30,2,
5623,1,0,0,0,
5591,1,0,9,1,
5616,1,0,19,0,
5620,1,0,1,0,
3718,1,0,6,1,
5600,2,50,7,1,
5619,1,0,1,1,
3350,2,0,22,0,
622,1,0,14,0,
3373,1,0,5,0,
4269,1,0,4,0,
672,4,25,20,1,
3224,2,0,1,0,
3375,1,0,2,0,
3359,1,0,1,0,
4030,2,0,17,1,
623,1,0,1,0,
3431,1,0,1,0,
849,1,0,15,0,
3197,1,0,0,0,
653,1,0,10,0,
3363,2,0,1,0,